Team_Experience_Avg,Tech_Stack_Diversity,Commit_Velocity,Communication_Freq,Sleep_Hours,Prior_Wins,Target
7,Medium,34.25398090796725,47.88419224296575,4.337066447614004,1,1
4,Medium,25.317815681615908,49.18856254379697,5.033122294169487,4,0
8,Medium,42.29114768069534,10.0,4.103763476444769,2,1
5,Low,25.742792440828485,41.523291562012474,4.7460100972490595,5,1
7,Medium,35.97624964861164,21.466482095593218,4.753182341631708,4,1
10,High,25.383005875224246,52.68825055804553,6.210400325045096,1,1
3,Medium,28.938875948105785,44.800480226635315,2.0,2,0
7,Medium,24.185612190572204,32.613909175849194,4.155620407957904,0,0
8,High,25.95301353873937,52.23793408977198,6.881954521656434,0,0
5,Medium,26.70531860387999,52.06558306013886,5.843719884974892,4,0
4,Low,18.302681675116062,80.37248078912855,6.90692939319052,2,0
8,Medium,20.98931333076912,63.7283500089346,6.138184032159027,4,1
8,Medium,22.83244983513828,54.339455800737454,3.374727339485284,2,0
3,Medium,27.297110168022968,31.049710526972156,5.991345756679364,2,0
6,Medium,24.69420980496533,28.53121761785023,5.150289200139144,4,0
5,Medium,36.730325338257074,61.97696014873215,8.0,2,1
2,Medium,33.471183189796406,45.9986125511914,6.203246873741614,5,1
8,Medium,23.036724439746276,54.98731182253215,5.785051111516401,1,1
6,High,38.81783897451939,69.5600104834312,6.004136395011967,2,1
2,Medium,43.730206235754565,19.7372244971638,5.703268312499936,5,1
5,Low,5.0,77.94070770057988,5.66270169161911,2,0
1,Medium,34.32290085066279,69.38763573897992,4.600559945904623,5,1
10,Low,18.070158026685007,10.0,5.8032093305300005,4,0
6,Medium,33.007480213232995,97.06184897821954,6.422700020409043,0,1
9,Medium,37.38237940646432,56.42752638162913,6.590492103548128,3,1
1,Low,16.23007405489448,40.429233991540926,6.4086752294052705,2,0
10,Medium,6.476729009842394,60.381244472098516,7.2620954692281074,3,0
3,Low,33.35434088215865,30.450507261225283,6.684338184955887,2,0
7,Low,26.354024824836113,60.92256706387102,5.942776871151155,4,1
4,Medium,8.315612460973718,34.13007083329377,3.284508800504447,4,0
9,Medium,50.0,90.40719070941202,3.2850975157563735,5,1
3,High,31.24419412256552,51.20200387812802,4.627798395107974,2,1
5,Medium,31.701000401251523,62.99646104145648,5.070130529071578,4,1
3,Medium,38.65817752562049,34.27869800695722,7.097002296804893,4,1
7,Medium,19.19176047153498,66.32992047786716,2.0,2,0
5,Low,26.304541120886768,49.748398729957756,3.4501906058853566,5,0
9,High,11.80678086220237,21.762965833561104,4.708668628302745,5,0
7,Medium,18.920515527148154,45.22474560223504,3.5047135570509673,5,0
2,Medium,28.85660000469238,88.62222137725075,3.8028389924446033,5,0
4,Low,8.347153328675478,67.17954052086615,4.251256856171846,0,0
9,Medium,18.637104543219188,42.42049862187013,3.5812612038885967,2,0
2,Medium,15.720660400622794,12.616684779981298,3.8413635088767855,0,0
10,High,26.42092245620345,33.35017643538737,7.044848845541678,4,0
9,Low,30.747012616653485,21.870519919310773,5.921477510242969,0,0
10,Medium,32.42152804376457,13.099839871330033,6.145915017113006,5,0
5,High,34.98816644778151,65.71182260330605,4.948815863813067,4,1
2,Medium,38.72116846572371,51.247747927603314,6.516657819007642,0,1
4,Medium,31.07245453683406,85.90216896687882,6.271697476959176,0,1
7,Low,43.873358988944155,30.04716202404742,5.897806871660542,2,1
8,High,26.19502521264682,49.954381304817396,4.018753917286833,0,0
3,Low,23.266788457494524,22.116512965061716,4.336944277415187,4,0
1,Medium,31.0730736336004,38.10253277667515,6.587195148098553,5,0
4,Medium,22.835888250074113,45.55780076134828,4.224899387823568,2,0
2,Low,43.525647287750495,42.506920643767046,3.0672137956033163,0,0
8,Medium,36.30983473135212,51.07081261231002,4.195972887854032,2,1
4,Low,32.50278144199514,69.43219126502774,7.339108523328679,3,1
2,Low,26.314193440413508,67.32835170909108,4.1974450034126045,2,0
6,Medium,20.92522828585137,34.61330831817401,5.491482187980038,5,0
6,High,32.013250045677594,49.392917562727014,4.076468111942828,3,1
10,Medium,13.72902548153041,65.88192749918888,6.145138331728049,3,0
4,Medium,40.34363533441021,70.71473014859012,5.805198786054534,2,1
6,Low,23.223632946146264,36.77686630691694,2.7632228882519563,4,0
2,Low,28.051067332407293,64.16328909600479,5.4020479806289705,5,1
10,Low,15.903989238067112,56.62293018375402,2.476119669052149,4,0
2,Low,32.22986263119221,28.680217729221418,4.168898303856635,5,0
10,Medium,20.462583871616715,66.00315925171469,4.982849125051434,5,1
4,Medium,31.492287903050983,53.03086416864938,7.770298873193745,4,1
8,Medium,32.57393468977389,15.172187873469476,5.476868697648765,1,0
7,Low,18.523678864114594,44.122928785772615,3.849370869105436,3,0
9,Medium,13.764708790860052,50.79715083169945,4.5241848462251,2,0
8,High,40.31899916544545,37.883510423648126,6.386295161663756,4,1
5,Low,23.07700965970918,74.5645685099705,3.869724737390049,4,0
2,High,27.248488160456382,75.2893698135621,6.645467747002236,2,0
5,High,29.85464524646742,42.350196821743104,4.215423082928907,3,1
8,Low,12.462998701017796,40.155489572925156,3.6270212667318233,2,0
10,Medium,29.626661368198874,47.37530653261358,4.263495558645844,5,1
9,Medium,25.991265361546372,45.99838868386639,2.575573393867896,1,0
9,Medium,18.56469302295609,38.149962123961544,2.0,5,0
1,Medium,13.434640151622707,10.0,4.876196916018712,1,0
9,Medium,31.0588554795727,85.09623751199229,4.899053182484661,2,1
7,Medium,36.277120081948794,50.008359275562846,5.384692676805,5,1
9,Medium,26.78590517392803,46.43379776141847,4.868788722911641,3,0
8,Medium,10.655346581503132,56.503382601039014,8.0,5,0
1,Medium,14.426671828252697,48.3988450293182,5.252614014909046,4,0
8,Medium,20.678762906759463,41.39368310709101,2.9353057158250926,1,0
8,Medium,40.6461974116075,29.887080272161015,3.320127716446125,1,0
3,Low,22.532493379011242,13.22774447008608,5.000457004023092,3,0
1,Low,20.314310772018,22.91242140091213,4.346860073662294,1,0
8,High,8.265152003238853,27.666518665797057,3.1572801542548037,1,0
3,Medium,18.43315209889889,63.01844316081937,4.911727876050706,3,0
3,Low,12.670636460091698,64.49246293528789,4.9336636559264875,5,0
1,Low,14.968201690772,32.36401791066458,7.393540600245073,2,0
5,Low,26.199506801587425,10.0,3.6258654393168563,5,0
10,High,20.988357943888225,50.18241439003753,4.373408291137741,4,1
7,Medium,41.994944526713454,41.56915568681363,7.388924583643448,4,1
10,High,35.780033727074766,41.07475026599737,5.492879311895914,1,1
9,Medium,18.911160621896613,69.11874951528729,3.6170679087209274,4,0
7,Medium,15.83182158259485,52.773052509457045,3.9279017232336364,2,0
9,Medium,38.82641935664193,30.472407029598415,3.1787618674480083,1,0
8,Medium,41.60042489483483,25.87173932081901,5.11590894151049,4,1
2,Low,5.0,44.74777286030087,6.546739977253506,0,0
1,High,25.928576239717014,31.87174475620716,7.446351913448488,0,0
7,High,22.48121692103273,48.552047519447655,2.7705774035978346,0,0
7,Medium,31.49120140059937,70.52284088803933,6.303675855474995,0,1
8,High,44.42668124161504,22.404351768010997,5.246469196700822,5,1
5,High,20.159429806722017,51.75558869617937,4.607104452744879,0,0
3,Medium,5.0,68.30099965338779,4.373992940181026,1,0
8,Low,30.790077001492637,48.27625328363782,2.118602246157929,3,0
6,Medium,38.89964068604203,64.43161790235307,5.956997943602369,5,1
3,Medium,21.96240218480225,44.25455015769076,3.021714836234976,3,0
1,Low,17.94962519860339,53.41656158847274,3.8777062774134374,1,0
3,Low,20.627405946223007,58.81569864684353,5.626976951829945,1,0
5,Medium,33.502053671312346,38.559951234737305,2.2750466443263413,2,0
3,Low,20.455390587150195,89.81352034379998,3.01880908577795,5,0
1,Medium,28.287603003428455,61.55160360663844,6.82799398871531,3,0
5,High,25.278029157399402,76.05970997433842,5.183088319359094,0,0
10,High,24.246203875772338,71.42047892721536,4.00669794931344,1,0
7,Low,32.012923267522325,56.545785385668225,5.188994231455265,0,1
7,High,20.214201001358056,77.71578844719615,6.004214506264605,3,0
9,Low,20.694134398177212,53.75829422383835,6.687151836856515,5,0
10,Low,32.97602849999754,35.40449433651274,3.3313472369603168,4,0
10,Medium,15.130746758313474,50.296384631259265,3.4627427556317327,4,0
3,Medium,16.19779809177673,29.876661751697373,5.9125149480180905,1,0
7,Medium,12.396857086564065,10.0,5.960618852750152,2,0
1,Medium,33.49010913276553,32.94915513881949,2.9840465273448253,0,0
4,Low,23.947630319187326,51.4576306594175,3.5190339867668046,1,0
4,Low,11.863848539209336,71.23849570976162,4.709379048707819,2,0
5,Medium,33.53808562309069,32.88961590847291,5.035364366645767,0,0
7,Medium,19.444578384245645,70.2032490705431,5.077894815956797,3,1
7,Medium,16.28321921163115,25.786340283862458,2.961014289976341,4,0
4,Low,23.04321441123048,31.609550677210997,5.062741655755232,2,0
7,Medium,39.78723609467892,78.98313206792903,3.9239439576943362,0,1
3,Low,21.0503780350343,50.95242039924991,3.2505235601145057,1,0
6,Low,30.753388641155844,46.52756109430713,4.9835059273829465,0,0
2,Medium,32.27080020450954,54.70559979815654,4.830509555468477,1,1
10,Low,29.43273298006406,25.871934985639086,6.2025398573839645,4,1
9,Low,37.71071649674262,43.38303742852355,3.7085474491048167,4,1
5,Medium,17.928839953677212,50.05322316253103,5.352755655467871,0,0
6,Medium,14.566651569496639,74.62761872358865,2.6469872173571143,0,0
4,Medium,14.370333439750052,16.591657213971978,4.587716484181215,1,0
10,Low,23.555315847002067,85.25980630751542,5.695516752493483,1,1
7,Low,15.52953342159471,47.50704523349914,5.822031840678696,2,0
9,Low,26.475409118653285,27.788875020659816,5.832250693952964,2,1
7,Low,25.769884197248935,24.167305677312175,6.206563695875499,2,0
1,Medium,35.18573303186041,55.46298634008412,4.331315249221309,0,1
1,High,27.9114430823604,23.055810398629486,5.743588157634447,5,0
9,Medium,20.838481441385518,38.79752909813803,7.8031171438124325,5,0
9,Medium,29.10849204432683,45.001938782444036,4.299301025591256,5,1
4,Medium,14.698059801020593,72.87351478809651,7.070297023847048,5,0
9,Medium,24.618593119756827,70.36906918527947,6.314709433312553,2,0
3,Medium,28.194012335955808,37.14015219762082,4.600514851485729,0,0
7,Medium,26.293175981501264,45.74633659558156,4.725686748233585,5,1
6,Medium,29.15065094935984,18.092301996485087,5.177603539500829,4,1
8,Low,18.559539842872088,10.0,6.2302474910474,3,0
9,Medium,36.52031402809516,25.418951048147605,5.60395194730027,4,0
5,High,43.22168949395707,72.4619472265162,4.287503604172726,0,1
1,Low,8.973238551414056,65.6016144444292,2.0,0,0
3,Low,12.844020040457519,57.66872525193228,6.008260938378228,3,0
10,Medium,25.430830080243854,20.84751026758846,2.1012534124344615,1,0
8,Medium,22.434490194471262,35.76680845217709,2.951030439574857,1,0
6,Medium,43.96412405772782,32.84357943642757,4.396284207947481,1,1
8,Medium,27.197843234244612,46.680032587588755,3.1788821004964403,2,0
9,Low,38.925452537259574,45.418928867357685,5.476292641705237,1,1
4,Medium,5.0,29.960862866083428,4.555717700574106,2,0
1,Medium,33.14169483332352,56.984336157970866,6.177846470633684,2,1
1,High,17.84483180741679,54.578927604084775,2.588423700168989,1,0
10,Medium,17.684574303803426,35.42353801814107,4.007153425719803,1,0
4,Low,22.51641973587876,56.085567832650625,5.0062990659938436,3,0
7,Low,10.75416360268908,72.48570736661041,5.064092195758934,5,0
2,Low,29.427855253218524,78.56121554246492,6.041054608215083,3,0
3,Medium,26.90714966716795,59.81324313219718,3.628117129409684,2,0
1,Low,27.661922481872704,59.225358868187115,4.297984572495501,3,0
5,Medium,33.87031022132906,45.19722171951377,5.761024491320555,2,0
1,Medium,40.147820461941535,70.59425791070318,2.0,0,1
8,Low,21.36288950912453,28.592970973204256,5.5774028778384395,2,0
1,Low,29.773506397364738,68.2770028681633,6.145922923542384,2,0
1,Low,27.929882083349792,44.24790531638394,2.9995089159826405,3,0
2,High,28.776145063289395,79.81873654403459,4.527465577572481,5,0
2,Low,28.925976644659833,61.76412814080149,7.238989724760721,0,1
6,Medium,40.905033445648385,48.642675378537994,5.989742446596722,4,1
7,High,20.403231315107064,45.27024702191453,5.670458409456299,4,0
5,Medium,9.74264096796318,60.51225708896874,6.486438972686729,5,0
1,High,18.021262313841127,59.54248695372111,7.706817676418754,4,0
1,Medium,32.57266933535405,42.033139909989444,5.0278011047275575,0,0
3,High,25.23329508647177,51.83671516536693,4.389216493666963,1,0
2,Low,20.32400659505004,67.92780174697204,6.482807616460898,0,0
5,Low,14.235027315903581,22.732874842395002,4.7188202960757355,3,0
10,Medium,27.212861217305324,64.51756441107426,3.607972012971585,2,0
6,High,31.44506275273809,60.424291567187076,4.189900620519136,2,1
7,High,28.05872055096028,73.7329495112298,5.468494373087571,3,1
4,Low,22.466696688450536,35.686925973935246,4.325606296383679,3,0
7,Low,26.466412842974623,50.11432172185782,4.437537128858129,2,0
8,High,26.408429665574154,54.10136752009791,3.4590262780321943,5,0
1,Low,26.896969312176623,64.7759303440047,7.153049774304218,1,0
6,Medium,13.156950489808798,58.58233858322001,4.486059920468794,1,0
8,High,26.97326350614878,25.208898023754507,3.9327335440771405,1,0
5,Medium,20.594035315338054,55.82088065723292,4.09231579009158,3,0
4,Medium,35.40618606009759,90.08457548540817,6.203788962443217,2,1
2,Medium,26.32918641750274,62.2351515192263,5.859797867754744,5,0
6,Low,33.35479221822892,82.760938890732,4.247217943785691,2,1
6,High,21.982186129502477,70.86122754589624,5.04846955696313,2,1
1,Medium,22.342861623885415,77.24803870876818,5.415056635778727,5,1
9,High,39.94251246256332,56.1993732196941,3.943878961241592,0,1
6,Low,29.363351884155083,60.43690219224234,2.6890658189150107,5,0
3,High,17.85485467594261,55.11035513282749,5.772556129146867,0,0
4,Medium,33.969744386204745,50.086817300990454,4.026898754002587,4,0
4,Low,19.666952665721293,64.84389960138209,5.660522525575879,0,0
3,Low,27.25698137811523,39.57996121985598,5.481539963371315,1,0
10,Medium,43.366746308594045,87.70764632029267,5.083688451883267,1,1
3,Medium,10.687176123619457,31.439740646234526,4.360809276815497,5,0
3,High,23.242180782334636,66.22776239834317,4.049107666226272,1,0
4,Low,29.082716409020307,77.57342834607178,3.292373892445664,1,0
7,Low,32.64698334664674,46.467564920791936,4.077878068416367,4,1
4,Medium,12.587660926391273,27.740453777236723,5.853222517325281,1,0
9,Medium,9.64209731424982,73.1105917856471,7.096738613185991,3,1
1,Medium,35.907493519904264,54.0679062010051,6.876649013363478,3,0
8,High,17.795851431961626,66.26632145203487,5.21813452426232,3,1
7,High,17.37717492002685,47.81090802325365,7.095941091022455,0,0
2,High,40.50249672772166,84.63849364644794,4.53977355820883,5,1
8,Medium,25.697023147318227,10.0,3.063429976227394,5,0
1,Medium,25.762382276815742,57.52355102567469,7.881311628815414,2,0
9,Medium,23.202005548484678,76.83498967503195,5.799212429685156,4,0
9,Medium,12.760179332568299,52.10678089658792,2.6980538741901197,3,0
2,High,31.756969493943878,56.04717386033823,7.338572867956042,3,1
7,Low,29.094505219256234,41.31976374865983,3.884866272336824,1,0
10,Medium,26.686913253394327,50.41377015733235,4.2111766134123005,3,0
3,Low,23.83676960723742,16.562867737273898,6.532074708624807,1,0
7,Medium,22.076803506617132,35.63137334760617,7.0425606704850425,1,0
10,High,34.12483389547415,34.264897457955435,3.4988914573381047,2,1
9,Medium,23.58706936793905,63.382479820585964,7.206486143040168,0,0
4,Low,24.359389614661108,38.57260481424531,6.311355194614162,1,0
1,High,30.298931548837736,39.150489001203596,3.800376782092038,1,0
2,Medium,27.07960930680386,42.4415327942972,4.631140603574743,5,0
1,Low,41.42276057540438,35.02710594969365,7.274203844860336,2,1
5,Low,7.386332225266955,55.38044538523395,2.6591575960875597,1,0
5,Low,27.99907438367263,57.55262938865819,7.071071563838329,4,1
7,Low,17.94394219527831,66.5003715944352,6.269610691754788,0,0
9,High,15.579134652450707,63.05500164575885,5.7637111434060495,4,0
9,Medium,20.429357939556525,61.05515489969402,5.197543532856511,3,0
3,High,25.546794084817616,43.42063332005113,7.955206973693717,0,0
3,Medium,25.9906907592341,42.13792499324242,8.0,3,0
3,Low,9.826937843215068,32.575779953030874,4.077155374973518,5,0
4,Medium,19.589161703221805,32.21512622211797,5.918307180847501,1,0
8,Low,27.812215514764592,53.88522819358521,7.811564745766748,2,1
6,Medium,16.230695492163456,35.61167918439838,3.8224331284999846,4,0
8,High,13.852160952834847,79.36648266711919,5.364709361467815,3,0
1,Medium,5.0,49.249983538510136,6.505813163423737,1,0
8,Medium,18.36806551624641,80.02780214319081,2.0,4,0
4,Low,13.503708010491861,61.435341091423346,6.242832843046834,4,0
1,Low,15.160671168899421,34.45527131056577,3.3673519648844037,5,0
8,Low,22.28179696720347,48.75907622836365,5.288497047433502,5,1
4,Medium,19.001711234571022,16.530953177645678,6.716517276337727,3,0
6,Low,13.337621061406939,53.8085071013057,2.0,1,0
8,Medium,5.0,36.28463184309365,6.178788331615844,2,0
4,Medium,28.023113051476425,27.730839835694777,8.0,3,1
3,Medium,32.52827213808473,80.44293517096094,4.200048500501204,4,1
9,Low,21.032550210056264,70.61175481968576,5.8650352201761855,4,0
3,Low,22.34224303545723,70.06077957524926,7.002929496049083,0,0
9,High,25.02810515686123,65.64222553301889,2.610582427685039,1,0
2,Medium,40.78783576612252,25.30221911748434,6.13605463780063,0,0
2,Medium,9.32292206174229,41.990410143863244,6.535649348896671,5,0
2,Low,20.855102741274305,43.209927170602256,5.9579303299051505,2,0
6,High,7.780270358672805,15.805258518021375,5.129934038307683,3,0
3,Medium,28.62318458735559,38.85997810312021,3.4993808272908105,4,0
9,Medium,23.560416062119888,39.07804048765912,7.087135030304365,1,1
4,High,27.029921129360776,52.51997894989924,5.051755347847487,4,1
1,Low,26.531225625910764,100.0,3.644179381064607,5,0
4,Medium,34.90708253703516,49.58207446790522,4.522961254378147,0,0
1,Medium,30.38132964568466,52.53028909139334,5.552578237002015,0,0
5,Low,33.305079576600875,44.99579454471716,2.658222564673684,3,0
4,High,14.34465310103056,64.7542576010749,5.026895528876176,1,0
8,Medium,36.93170864975144,28.52165582708446,4.374684174413016,5,1
8,Medium,17.776372605110005,87.92074990307879,7.004039722048983,1,0
7,Low,18.351304573760192,47.51681585066362,2.1876641040684066,3,0
3,Low,27.708425773529946,42.09620333937871,6.408136463753726,5,1
1,Medium,28.019182630492764,69.400741473276,7.125642238403772,5,1
1,Medium,14.281431977675215,32.18154815910293,2.2443670442782064,0,0
3,Low,23.26720708226103,64.38501966110667,2.424226271289387,0,0
6,Medium,39.88235316869476,78.10340111190722,7.6788500698497195,0,1
7,Medium,10.31663438465905,45.173144551939814,3.6434419270956004,4,0
6,Low,39.85219241012726,91.05683226159742,8.0,2,1
6,Medium,22.5830154858351,62.88583052522508,2.2912399467197506,0,0
6,Low,5.0,63.133885193288585,5.255071107480681,2,0
3,High,11.332682665170937,77.3173067037198,4.964909394120924,2,0
6,Medium,15.365224622648066,82.61469909272748,4.687706348652564,1,0
8,Low,18.76070699217258,55.2367797281276,5.694443541058674,3,0
2,Medium,23.95286741374662,65.93810882753876,5.780969637093601,4,1
5,Medium,5.0,77.92682986321856,4.748511526056344,2,0
1,Medium,26.868043924776536,26.763778472771257,3.478739084259094,4,0
1,Medium,14.449094916751157,15.409952007347044,6.571640546362069,1,0
5,Medium,38.905225716010584,48.848921591881904,5.9420789946242545,0,1
3,Low,22.298232792560256,14.930172851612404,5.171875535924111,5,0
4,Low,34.428461717327295,43.72009807384095,5.8945512236260384,2,1
3,Low,36.103489799142935,56.28747068398275,6.153412175136696,3,0
1,Medium,35.83273243466216,44.48722467889747,3.85740193477802,5,0
1,High,19.335932570375142,47.16813903792618,5.841020560222709,1,0
5,Medium,19.207998422786762,29.966669727581497,4.170446411722486,4,0
6,Low,22.75026700711685,65.76287087941888,6.2030500348802,0,0
3,Medium,31.362373753789257,28.730732657553204,4.711400620365153,4,1
9,High,19.893047302458374,10.0,5.91757936052258,3,0
5,Medium,23.807375264097523,45.8532245493356,4.349307050435716,2,0
8,High,27.735938163394497,68.30039849839912,5.9955536539065095,3,1
1,Low,15.951080739521334,51.59661583765953,3.5318461563259875,4,0
5,Low,15.318917116708823,26.7040596983953,5.054253319795193,4,0
3,High,23.417361185960093,52.03901934812672,6.470948772664901,5,0
1,Medium,24.741788149516417,58.766074095366996,5.700806985868888,3,0
4,Medium,29.33885480001643,51.80633383037853,5.288043100173817,3,0
5,Medium,31.718865749515558,44.70831506222827,7.7053420094759595,3,1
7,High,14.009371794283513,59.72077363285497,6.535455302733383,0,0
1,Medium,16.87915068056435,15.231461943597097,6.283309923879691,4,0
3,Medium,15.29247712436898,32.12089218474839,5.987041668374758,1,0
2,Medium,39.12447401591422,23.895838043893797,6.174045308369996,0,0
9,Medium,23.797294097974646,76.96772743976314,7.485653015828246,0,1
10,Medium,25.16129295245021,64.24063441976776,4.373496968418507,0,0
6,High,25.57774364013513,53.70250068628035,6.514105947912863,5,1
10,High,17.843299862823606,20.987566932943835,5.534731833162164,1,1
3,High,40.642695189460305,64.88295577896238,4.42532369429901,3,1
8,Low,29.11026654818728,77.73080269983632,4.850412345438081,5,1
8,Medium,25.39590529777949,61.42989472927124,5.328732022319515,4,0
2,Medium,13.94743578849434,49.29645166992886,3.710089898495866,2,0
6,Medium,13.380675083437552,62.63436063701231,6.29601916325067,5,1
7,Medium,21.910924683942316,55.45832228505378,4.845722863866442,2,1
2,High,18.0000820642817,68.52152467279477,5.127393743364011,4,1
10,Medium,14.325556544534482,68.07371283585906,7.03580382489171,1,0
2,Medium,21.290419804284447,45.578689267793465,5.194622307840204,2,0
10,Low,22.83571971724111,36.7871723423178,7.3290026666316574,0,0
1,Medium,26.417854204602698,42.00354118627644,4.212778236657284,5,0
8,Medium,19.96080528625737,60.71700670009868,3.3543952418080236,2,0
1,Medium,14.92399305339969,43.21120696404383,4.565010279582675,4,0
9,Low,15.27079114008753,34.98940763692353,2.0,0,0
6,Low,37.129727292261876,49.98093257493587,6.3586426287064155,2,1
7,Medium,12.482423136382577,72.14913861337902,3.4416521880687574,4,0
10,Low,28.631822982912702,52.70216134268127,4.073456867830595,1,0
7,Low,30.19546329774396,44.47564007999145,6.074417842431391,4,0
10,Low,23.787245241643312,56.4086358589353,5.178681646876837,1,0
3,Low,42.67829058405179,51.68078418099736,4.339181812879819,0,1
2,Low,30.01718993027699,11.32725917980644,2.0,4,0
9,Medium,43.4290304830465,63.93518286038318,6.951212044845791,3,1
8,Medium,18.489359980851276,58.149168798942185,6.0846200502146965,5,1
10,High,18.660545901065817,50.323435978914915,8.0,3,1
7,Medium,30.275371586800148,71.24713401445841,4.105430246014389,3,1
9,Medium,22.385343626807973,74.25998728500396,2.8183246034329885,3,0
4,Low,41.85665424892018,65.97537322947103,6.492132927896636,5,1
4,Low,28.417003836309373,32.993983679289315,4.717910123899474,3,0
1,Medium,14.554257801432843,33.68577778746081,5.942254788603434,1,0
8,Low,7.631835914559744,72.34671080003967,7.429872930989834,4,0
3,Medium,24.217614076567354,12.455521461096005,5.582229644696265,0,0
7,Medium,24.108768704667664,47.023049696757724,5.2509483508183,3,1
2,Medium,28.137659233083877,58.79651614062165,5.345004179458385,3,0
2,Low,37.10690573755903,14.991845291049913,2.544127721053003,0,0
7,Medium,35.791133039939275,54.68686477700599,6.662057314224571,0,1
6,Medium,19.210989676635673,69.08858153171904,6.758129243373743,3,0
3,Low,12.061805981955786,20.288478597930485,5.795855037443786,1,0
9,Medium,12.658788649909296,83.16340413388318,2.726893047603753,0,0
10,Medium,17.631982946786216,29.803398478021798,4.818276762294479,4,0
6,High,21.33268451960981,61.4947249295406,7.15778866308928,4,1
10,Low,28.05062138965167,48.32807143282734,4.151369505539798,1,0
10,High,16.990324031040203,51.39031247400903,6.7763795778704905,5,1
6,Medium,27.803919711133144,24.330097286516867,5.082644738985281,2,0
1,Medium,28.620401458590518,75.20945924706118,6.068755759273941,1,1
4,Low,26.433438825958895,56.51766926700467,4.381787880762825,3,0
10,Medium,13.71377002987305,82.41680353806312,5.1265713224685,2,0
6,Low,29.678267252359582,24.85165558841946,5.655072872253317,3,0
6,Medium,45.81269628766723,46.375307322426124,3.3751490391587238,4,1
5,Low,27.458968269129045,54.19058479404414,5.410869693468517,0,0
1,High,5.0,51.20766294589849,2.0,3,0
8,Medium,37.40879572046903,63.3357068934484,4.097747319767341,4,1
5,Medium,17.972522233006135,46.121629161522485,5.815824521545668,1,0
5,Low,47.657126904956925,92.44052092601372,6.680394380825843,3,1
7,Low,26.163634513659606,50.79684644376359,5.709128212698842,4,1
4,Medium,8.152993060141746,10.0,2.914524839253548,0,0
6,Medium,5.0,51.68402016678744,6.5492871932983725,3,0
4,Low,40.397407626758785,75.22927969732366,3.2912754027158986,5,1
3,Medium,36.059049859172724,31.533877962989322,5.921297827136526,4,1
7,High,47.260188857666904,30.264896216575274,3.341249383110713,3,1
8,Medium,25.109244855735554,33.192205873208195,3.8401906934567642,0,0
4,Medium,24.434701166203197,28.470463800457416,3.5654762961042765,3,0
2,High,21.172812078414424,40.41196572588012,5.20843788392258,3,0
10,Low,18.417097587407792,68.1859445269844,4.706698229563152,5,1
3,Medium,21.075704455421842,80.52665456825387,5.763364156446038,4,0
1,High,27.174633323240293,10.0,4.972047741990338,2,0
8,Low,16.560992130878983,42.43090692845085,2.7231898196194417,3,0
3,Medium,8.307106531260164,56.05395988753465,5.413718702146962,2,0
10,Medium,26.598766340141776,54.05356726770381,2.3567515243506962,1,0
7,Medium,16.33804401306568,87.99879333245778,3.6742190104264956,3,0
10,Medium,5.0,10.0,4.454130001881498,2,0
5,High,30.52567390657011,10.0,4.350194889215533,1,0
10,Medium,13.919409618829716,91.24425048076512,2.5288810092409615,5,0
5,Low,31.617894546907348,65.06867386494673,7.056739330307288,4,0
7,High,31.378481065159814,38.57256826094179,7.47200418508505,3,1
9,Low,27.83590011522833,53.4319754613591,8.0,4,1
5,Medium,49.96817840356496,54.86435245122133,6.721477126234485,1,1
1,Medium,23.619481500276226,38.089584193280416,4.406830191814589,4,0
10,Medium,22.143604325014117,52.83556741382868,4.3809807185771374,4,1
10,Medium,31.83672421416917,57.09626749320239,4.2981592457401625,0,1
1,High,24.445526378862073,90.3106052272565,7.978456529338664,1,0
2,Medium,36.604935373940094,69.26902444571083,4.826687796552259,4,1
6,Medium,12.311940924244777,84.7864628048415,6.903849360380341,2,0
9,Low,12.478255525356602,23.128570326542114,6.787152466579158,1,0
8,High,32.658094913262175,43.056054807642845,5.284321784121306,0,0
5,High,13.351890606613965,54.84493967863251,2.8225387344057427,3,0
1,Medium,31.090986064427142,11.577984937340744,4.8591220420236265,5,0
7,Low,28.700028462103656,73.6371867621856,5.220449414319429,4,0
5,Low,18.055117139723368,62.84419544622524,6.916881934854477,2,0
6,Low,28.67170160233434,42.65682960092272,5.029186868150438,0,0
7,Low,12.654075542157607,46.3333131299843,3.187091654562791,1,0
3,Medium,15.001000737362995,75.07733777647496,6.481864996597557,5,0
10,High,22.62812261587934,34.09124104726069,4.658688016253769,5,0
3,Medium,25.789278190722207,75.88370699324574,2.0,4,0
5,Low,21.963614630121423,44.95922526827424,5.487476861865118,0,0
6,Low,29.33115963873111,65.11992105553833,5.751156941180314,0,0
9,Low,28.884664150482912,51.735284111579745,3.735592710701318,2,0
5,Low,40.29366808348144,94.66387693302372,4.711931299065367,3,1
1,Low,24.047146528549955,32.25215219784948,5.986575538960925,3,0
4,Low,36.94563431184129,38.53434754846133,5.497677201803424,3,0
5,Medium,34.20725512893893,19.877490446223376,2.656014574827501,5,0
10,High,47.93977283293148,28.06485665941358,6.880325249746052,5,1
10,Medium,23.727419800977255,64.26256215389033,7.559495929307976,1,0
5,Medium,20.796412785470118,82.00327277730122,4.234724170952236,5,1
7,High,37.57694222243733,66.52961740720554,2.13519264061612,5,1
4,Low,28.85432571741262,49.892170005462674,6.156669210204427,0,0
1,Low,37.81659216783899,32.127709966878925,3.99036134123286,1,0
5,High,32.167987979895,67.968373432543,5.803173192627876,0,1
7,Low,5.0,31.027961896283248,8.0,2,0
10,Medium,28.76321777031183,23.020965313884815,2.680538631216723,2,0
10,Medium,28.112158979514895,43.83061333580191,3.805068680281514,1,0
6,Medium,26.33106902463963,10.0,4.708280609677327,1,0
5,Medium,23.677569458766172,22.372302508955023,6.937517542038413,5,0
4,Medium,9.078564722056722,87.71980671765641,8.0,2,0
2,Low,33.74176917238323,18.663831510831955,5.370627780649441,4,1
4,Low,28.737684280934946,26.23703237908377,2.5516658889132207,3,0
10,Medium,36.01956697397424,51.43665815413328,4.481717938623166,5,1
10,Medium,9.61244475724747,52.4780776006003,3.8377047706430236,3,0
3,Low,30.071344895452683,45.30751405242292,6.082378216528684,2,0
10,High,22.653406624534373,10.0,5.5653270549483995,3,0
1,Medium,26.437880099255292,66.96978655275579,3.437279947993103,4,0
8,High,22.76840365819109,41.13893200484007,3.749771863629303,4,0
5,Medium,30.436079274801298,74.40899044349803,4.459914166138493,0,1
4,Medium,23.3712687900842,37.10364756942305,4.640962534905876,1,0
8,Medium,14.480850749443109,69.64988678281154,4.936716625745634,3,1
7,High,25.86425418786191,75.92166898158871,5.073309822791625,4,1
2,Low,22.858254628644996,40.66115448492359,6.852275806601806,1,0
1,Medium,24.166063788711163,67.60900388211294,4.40568348196784,1,1
4,Low,5.0,23.429106437672054,4.184649739630125,0,0
8,Medium,31.826360835687055,55.273789741389876,2.9918389686651765,1,0
2,Medium,21.853363826532192,74.44455416709678,4.6642111510737125,1,1
3,High,11.518464259817343,60.369856919282476,5.384294369289574,5,0
1,High,34.22563516848142,98.12447845706478,2.4138554576102313,2,1
1,Low,31.363657277529306,61.487159845823115,4.486357109908141,0,0
3,Low,21.726798037251438,42.69457494784998,6.7404411948800655,0,0
5,Medium,13.478306204799813,100.0,5.972459064051816,3,0
3,Medium,26.780307346793723,82.67402034695101,5.560149759141189,1,1
1,Low,26.23106084587609,17.941848764032066,5.931818448461757,3,0
1,Medium,34.24334282991782,34.31672790143371,4.139443595165563,5,1
8,Medium,20.5626448513951,29.23683785917353,3.939620321141057,4,0
10,High,36.94922134864996,62.912592090181114,6.907863171107236,1,1
2,Low,19.59746996664233,61.423160736335774,6.242959069137314,4,1
3,Medium,11.541682154575781,61.26903864790998,3.8805904675533442,2,0
2,Medium,13.677172445227189,17.401810810020983,2.1819140604830203,5,0
3,Medium,24.375884608643844,37.238169067899015,3.911726677279524,1,0
7,Medium,24.34485490941268,47.014294905527116,5.81530134119887,3,1
1,Medium,28.27861140750776,13.56158901358556,4.0126097859151555,3,0
10,Low,24.096259688815586,32.56344466884218,5.495101716200773,1,0
8,High,34.773185160643294,77.12867420331465,7.129655830848348,3,1
10,Medium,22.389059015374237,18.91848004060823,4.860459383310388,1,0
10,Low,5.037237351285839,79.10520987436962,5.3509402294773185,0,0
10,Medium,23.78903311534206,71.82298185071005,6.027355784749349,3,0
2,Low,5.0,44.18525560391038,3.376873612508696,1,0
3,Low,27.71390980997698,37.0225400126463,3.8404261624819234,1,0
9,High,35.57192998984916,66.63655244290601,6.0892417398553205,3,1
7,Medium,15.137755137174807,34.24519678208738,5.055451280823663,0,0
4,Medium,39.18556686391851,35.24004100107752,5.182637915464144,3,1
10,Low,33.42831244728431,49.52263191990543,5.049928741786024,1,1
5,Medium,37.06480155415055,10.0,6.467440953442937,0,0
2,Low,26.89563856434631,21.000488031965876,5.653568960674512,4,1
8,Medium,15.072348242481795,43.68677501997034,5.673230136606217,2,0
4,High,32.80815427814137,59.51392064425198,6.833297236333658,3,1
9,Medium,18.753990932316597,33.968521238426426,7.409860787112033,5,0
5,Medium,26.178845061033552,46.04779043956635,8.0,1,0
9,Medium,23.286490071963815,17.73081183724736,4.13147945777709,0,0
4,High,36.24695856796896,68.6496770454064,8.0,0,1
10,Medium,32.30327005923329,54.40164659121963,3.354840584817225,4,0
5,Medium,24.19434201687629,56.17091805278434,7.902871104564689,3,1
9,Medium,5.483928064598473,59.7650123596979,4.049060211962936,5,0
8,Low,18.64772533470799,51.562550069895714,4.89659030569287,0,0
3,Low,32.04222289484417,40.32454482852002,5.02786391774446,4,0
1,Medium,27.801102610465843,72.59309097440617,3.6995438752579726,1,0
3,Low,9.967780655871385,53.13762295521546,5.130078000133941,4,0
4,Low,6.934120275311109,46.68561142653151,3.7769928352435365,3,0
2,High,26.955091501574564,49.826906921589924,3.1475848569939506,4,0
1,Medium,14.42942832284224,49.4006986702252,4.941914550460649,0,0
7,Medium,15.39203539162423,46.48468792149376,7.384815335364401,0,0
8,Medium,31.72607728782654,58.92212725015815,4.618970391474536,2,1
7,Medium,37.022387804156736,31.282795557552628,6.411531373061323,4,1
5,Low,17.492979729637014,32.74417928519384,3.731500560926272,1,0
1,Medium,24.552396923878266,61.185273788572715,3.0747858940482,5,0
7,Low,24.257533340156396,47.095213185444074,5.68079023543304,5,0
7,Medium,23.35795895303483,69.42786204286192,7.633418577652169,3,0
9,Medium,25.405984761562987,58.17758001263727,5.313431678199731,2,1
3,Medium,32.56498927840156,38.94744179847535,6.239971169805608,4,0
9,Medium,18.260756532704043,61.50192726257349,7.242686615294716,1,0
1,Medium,9.747224654839336,73.94381915917872,4.9452044754767845,2,0
1,Low,41.900099336037606,58.93959112242508,4.7719050775081255,0,1
4,Medium,35.894219244900505,63.31169886133593,5.708132525945949,3,1
9,Low,13.96362128750602,46.564582987931935,5.975028659177254,4,0
6,Low,26.356320087759535,69.86079765761005,2.9015373669751856,5,0
3,Low,35.1070216458611,38.38619170140713,5.443588439406126,1,0
1,Medium,32.49043944526039,56.77086051481033,4.998977885835207,0,0
4,Medium,29.620133099292847,100.0,3.8157217413345306,2,1
9,Low,23.297731084082564,60.777621120513196,4.895284414733469,3,0
3,Medium,42.273039250619576,41.58577538816263,3.2520127522059123,2,0
9,Medium,27.2085887245946,41.534155166172006,2.733608405189474,5,0
7,Low,19.850407406793096,48.57316605419311,5.100272374461542,2,0
4,High,33.71075728845595,67.02491563458821,6.353115535093364,1,1
3,Medium,25.960586419514204,52.91555018334764,4.479063892769963,0,0
10,Medium,28.497977272536225,37.029443735232064,3.558906104288486,4,0
5,Medium,27.031492015912075,36.9940601442262,3.7920518216180006,1,0
5,Low,29.967755737669098,53.040986620459606,5.823416776649829,5,1
3,Medium,15.21543746600793,50.847899734775815,7.501077826913896,3,0
9,Medium,10.488936128299917,59.09952338238042,6.155684287140945,5,0
4,High,39.34132723233584,68.34979791569789,6.951187848872836,5,1
5,Low,27.495845617891693,100.0,3.428564453344747,2,0
4,Medium,32.70847277408579,20.759329664647993,4.889105124897794,3,0
5,Medium,7.402407798223738,63.73724254572882,6.5280362756366115,1,0
7,Low,35.66683108714503,51.9661541677658,2.9012336281591513,5,0
9,Medium,19.785143546442324,13.108475377788231,4.012440179560382,1,0
7,Medium,16.937818331909554,74.99061447303455,6.413028735562299,4,0
5,High,24.366268323680135,58.42346453163895,5.387638656182523,2,0
10,Medium,15.220197894574753,65.99612585640313,3.552333601575975,1,0
10,Medium,24.98268301774393,16.011621098046348,2.5537678891896345,3,0
7,High,23.636616529855136,45.59166145003583,7.005972772047509,5,1
10,High,35.60395905233882,28.41606110211408,2.0,4,0
5,Low,40.13344502139469,93.26201885361223,5.948592768455457,3,1
3,Medium,39.81515792841583,72.89100691488763,4.200433346919954,2,1
7,Medium,5.0,36.38064433429076,6.5706024745450256,4,0
2,High,15.648331701567148,19.267221981007957,3.4367775502866453,4,0
9,Medium,5.0,53.8811013276751,8.0,4,0
10,Low,13.064577255649692,71.8484400458872,5.603448283532573,5,0
10,Medium,18.504817890961686,15.298927891281416,5.850603828178384,0,0
1,Medium,29.105616152269434,31.36450658013661,3.840429219834736,4,0
6,High,19.800667655074598,27.888305819720824,4.7999294987017604,3,0
7,High,20.079299290513543,67.33892331821174,4.838826390865729,3,1
8,Medium,26.81764683199763,42.60341822910975,7.694102493877525,2,0
10,Low,7.9069035479218925,43.441269552449896,5.60086515714168,1,0
9,Medium,16.614068470361364,53.493093612779354,5.815744559604858,1,0
2,Low,19.964433741826273,32.434383753419716,5.798973314722796,0,0
10,Low,22.975980113686557,21.126265265448705,5.942916348626895,5,0
2,High,25.769539902255453,77.3937032472057,2.9158197353858153,5,0
5,Low,40.00649789733042,79.24971416959188,8.0,4,1
5,Medium,34.08336161081095,53.59164918926357,3.6837671417075604,0,0
6,High,17.306899755080654,55.0431101133524,4.942393496496369,2,0
3,Medium,22.38670940548532,75.22027953160016,7.297224346282442,2,1
8,Low,21.705608629078764,53.133071132074804,7.901937945106042,1,0
1,High,19.858474834792563,41.61844188112708,6.208931119597212,2,0
6,Low,27.7251582582091,50.78678253554926,4.24295796538168,4,1
4,Medium,6.402204470290918,77.86337274334946,5.19160182941645,3,0
1,High,33.80714388006484,51.066433368576114,5.250450918661782,2,1
7,High,41.93550790715355,36.61234930692895,5.303585685963701,0,1
9,Medium,22.30159459328183,52.94004098570195,3.154920458881304,4,0
4,Medium,22.106355748821713,63.12446275071528,6.8901642985932305,2,0
4,Low,26.570442472086715,60.72506989811397,5.201883463906668,5,0
6,High,35.1938597696021,61.05647896143219,3.9166718465750883,2,0
3,High,21.757062831827575,33.4664464173314,4.252410368378838,5,0
6,Medium,34.339451661017364,65.40207133116914,5.404775053263069,4,0
7,Low,29.884946724532426,50.56931878424578,2.89564002566239,2,0
10,Low,48.6161144400469,35.7641766506109,6.317652614248935,5,1
10,Low,21.71337984837704,65.24303427304066,5.352095453614613,3,1
3,Medium,5.239995522791663,40.92722302166472,7.348534425539139,1,0
7,Medium,10.67060879314486,18.514053028888938,5.116375581701856,4,0
3,High,25.11928237400157,29.98795237779356,3.3720980903216757,5,0
2,Medium,35.27882094020752,46.367261339058345,3.2032952151839966,0,0
10,Low,18.474908595792762,61.56604564222558,4.413941579131357,2,1
4,Medium,22.690675501246698,32.71860095823818,4.572642850067703,5,0
8,Medium,31.848427373315758,45.1867507912493,4.149107428013627,5,1
9,Medium,15.347673991215423,25.667855366738838,5.1927207993776525,5,0
7,Medium,18.887306008051823,69.64065832479622,4.111034459171485,1,0
1,High,13.322733123897393,84.34662227911103,5.381308841636359,0,0
3,High,36.78228092882562,82.18565048976642,4.219027376497596,0,1
9,Low,40.41672811796367,69.29959100972276,5.947555561601857,3,1
1,Low,9.205850105069398,67.25019914240524,4.534851809934764,1,0
9,Medium,23.57814501011777,10.0,6.869310008401149,5,0
8,Low,39.07258975064945,53.54346464440211,5.97844204968448,4,1
1,Medium,28.986951836222378,40.078147526801835,5.290378009717558,1,0
6,Low,20.107607670009052,67.60932722089802,4.688484100040137,1,0
5,Medium,9.538378803891012,10.0,2.7214854120070657,0,0
6,Low,36.52944551822864,53.859354055403564,7.120324107010883,3,1
10,Medium,28.605152149444976,45.71112432335195,3.9788343823740506,3,0
5,High,10.270136122582445,72.36859865862809,5.136098201603329,1,0
6,Low,36.89891053874991,80.95974107349477,5.515706485303824,1,1
5,Low,8.995964382421302,31.423079659744634,4.724732660632911,2,0
5,Medium,22.795138458325884,32.3257912820637,7.031901581537041,5,0
4,High,22.35385296627871,54.60993242423427,3.16794362388688,0,0
3,Low,41.18381328847835,84.67525383043083,7.6009022104810064,5,1
3,Medium,22.389538081198474,51.202893545660324,6.007336336262474,4,0
4,Low,22.35357313699275,24.41677169291339,4.630369119748296,4,0
9,Medium,11.369216551023062,37.88263107673414,4.647155009103067,3,0
2,Medium,18.596023209413943,54.05328328926923,2.0,0,0
9,Medium,16.827045391193575,54.804048571279125,3.7276508447478482,5,0
1,High,17.34777633995307,35.918247288152536,4.469144367480435,3,0
1,Low,25.062845248918734,37.484186124407564,5.264157464046361,4,0
5,High,5.0,30.368640108872032,6.88937186667834,1,0
6,Low,9.897697545831024,72.82342367707591,8.0,0,0
6,High,23.889811263928454,33.3044964141322,5.40840064820386,0,0
3,Medium,26.212546831039315,40.704115921634326,5.308413968214449,5,0
7,High,22.665672013561043,40.134941669520956,4.264472348732197,2,0
9,Low,24.59205510215039,17.880855049692173,2.4273497850156946,5,0
10,Low,20.908833863447487,32.73169390364369,4.091320210692175,1,0
8,Medium,24.814953967703374,74.56275198573076,4.691748380380965,1,1
6,Medium,29.341422202622162,25.81424316418544,6.463091630997743,3,1
8,Low,29.27133728687661,30.72715396347265,5.77927179737292,0,0
5,Medium,18.110415885415044,23.349084524414817,5.33231783585159,3,0
8,Low,34.150947395829505,48.18776879537479,4.12879985976612,1,1
10,Medium,26.571086945033194,87.70953442532581,2.0268248764338037,2,0
4,High,37.32213956339769,47.34611556945857,2.1173659269010185,0,0
10,Medium,39.328724312670815,51.33524250708779,2.5043952995869825,1,0
8,Low,10.57273278626754,34.09105528266023,4.561989985692923,2,0
10,Medium,16.40972461131291,48.767639104154554,6.491066656576985,5,0
2,Low,33.1354803997055,74.58100612695232,6.4505983549413255,4,1
5,High,8.351075798710525,52.85818775276347,6.190573643116155,1,0
9,Low,39.20176962693373,92.63540164124328,4.22735677472294,4,1
4,Medium,21.561178051873373,75.18959424611381,6.716394749175665,3,0
6,High,30.750330351090184,48.27367309110134,3.603394135565235,4,1
1,High,23.836093371392238,47.884242488157696,6.280090158288314,1,0
9,Medium,11.07610472216313,82.61846275247262,2.488135520317917,4,0
1,High,35.55544602131975,52.74651151710458,3.2343316341691724,0,0
5,High,50.0,78.17843120543446,7.478922591455845,1,1
4,Medium,19.849917236443083,90.05814680253334,4.694248079256194,2,0
3,Medium,21.776414491547577,45.91561264351782,3.978545210875326,4,0
6,Medium,5.0,57.03910731870031,6.654138062998481,0,0
2,Medium,38.51502903456121,69.60008369132758,6.826057435335908,3,1
3,Medium,34.117653228420025,65.35000078045039,4.3500787878511655,3,1
5,Medium,7.666161379450859,65.20981465841002,5.417695179413205,4,0
9,Low,5.0,23.330523456445302,5.205361138110716,3,0
2,Low,5.507687168347349,33.031665436764015,2.0,2,0
10,Low,31.451691253728182,40.094659581176245,2.9062098818544086,1,0
8,Low,32.449914196140824,74.28841606937351,6.413381621273115,0,1
2,Low,15.766660556312118,25.29250185746228,3.751093626435875,5,0
5,Medium,29.992600313827985,80.46453414357678,5.794756844097596,4,1
7,Low,26.588771209911524,65.59668228157366,5.3945606770183,3,0
8,High,21.327302931457815,73.08460449445548,6.823149155191823,1,1
1,Low,34.701968266853,31.409338455100023,2.954312767388215,5,0
6,Low,12.950643987719614,51.446047253802604,5.591308761441878,2,0
1,Medium,36.47539213593895,55.97885572262633,4.901878312796834,3,1
2,Medium,17.714784459856475,55.09934004045387,3.815338488987579,3,0
1,Low,42.815366819670444,55.91314801693435,3.804805384581143,0,0
5,High,14.946939765185334,44.46947039209777,5.341221321238495,2,0
10,High,21.48427921399873,52.70414162127319,5.9445052565776875,2,1
9,Medium,25.585871375423533,70.67127910130374,5.095394423816442,4,1
6,Medium,25.523185478224832,26.6697538311822,5.142071377785918,5,0
1,High,29.908285006180954,80.94100237810807,4.252258393945964,0,1
1,Medium,12.143175817533226,69.63797912736895,4.3517212744254135,4,0
2,Medium,24.62687591753365,30.695962146333336,3.8112944624631537,0,0
9,High,26.38131706402721,57.67672086910643,4.2220975224574575,2,1
3,Low,19.72261775971873,68.02997552316089,5.892013387752496,0,0
1,Medium,29.040586174594175,25.294133522286323,6.059608436650773,0,0
5,Low,11.536300865122191,50.83956866753202,3.086186576290794,0,0
7,Medium,21.735461109493166,48.42969398329988,3.6553449870776022,1,0
6,Medium,17.46815875596334,37.08838914986211,3.934402964496213,1,0
1,Medium,21.765690704509808,51.847136735280266,4.903944707350377,5,0
5,Low,39.47035459921203,37.994268480744196,2.4752707909453946,5,0
5,Low,39.664557261574004,77.48614137941473,3.6816394283924887,2,1
6,Medium,37.7041646058122,37.4671135734518,2.921627730466891,0,0
3,Medium,20.377427199191487,65.83957880026317,5.600723201315175,2,1
5,Medium,34.07618276800207,16.892272247596708,4.955487586501603,1,0
7,Low,26.123621269258038,46.76380392300077,4.306178711836446,0,0
5,High,25.455897035030084,50.24622314702718,3.405084078847968,4,0
5,Low,24.22638652380831,46.114178987689385,4.329355323066208,1,0
5,High,42.58417857379125,42.07363405609218,4.152961826363118,1,1
10,Low,38.658386055564634,36.64969949309755,7.451999828779808,1,1
10,Medium,32.448964184470974,65.09081560029806,6.495529567372655,0,1
3,Low,23.296990344893736,69.98915710190761,3.9639381111066196,5,0
1,High,25.395607582545622,48.356782282866995,5.247793011428685,3,1
5,Medium,30.305666045377343,28.067249839567204,6.416312969878994,4,0
9,Low,19.783910881459775,85.87898662773655,3.963478719055568,4,1
1,Medium,34.38315715964504,32.40405134184239,2.874333888540095,2,0
3,Low,15.787548885570935,20.81155483033705,2.3047122186010642,0,0
4,Low,28.918436879974053,10.0,6.908400379871911,5,0
1,High,5.0,51.98903793825321,4.713406427795124,1,0
1,Medium,19.493814733978702,45.65167228969527,5.4369878493120485,3,0
8,Medium,45.77677132919443,70.61913298292679,4.13864393702141,0,1
2,Medium,35.36191494391911,62.221691268910945,3.0981516222654735,0,0
8,Medium,40.35468449934524,55.80402449170076,3.378048762741353,5,1
7,Low,18.326923326456182,44.57265609074501,2.9884478115610866,3,0
10,Low,26.037728368004363,72.19954544395333,6.274991621703313,1,1
10,Medium,37.819922530943046,87.34779803505066,7.238841737498076,0,1
2,High,31.33094934705377,70.17958398259807,5.055865943712534,4,1
6,Low,30.085658773583194,40.7293673830158,2.7233013601994016,4,0
6,Low,41.30581970330063,65.6313110776435,5.744876286253413,3,1
3,Medium,14.595450343860719,41.9582054906557,6.897476997488814,1,0
2,High,23.15761960554497,27.89865368280051,6.457500151225091,3,0
1,Low,7.459144373306458,32.01921875756109,4.956303427272509,0,0
6,Medium,14.048939480643988,42.836431917245086,4.648276645059676,4,0
5,High,35.74185392178971,52.07919357927088,4.944250518185404,2,1
9,Low,15.826507338078766,91.21162305150918,6.8378735074650745,3,0
1,Low,32.35524254125097,32.36621048776264,6.140548141732073,2,0
7,Medium,41.584850419680805,76.46976979382657,4.421364500565047,2,1
5,High,23.220618250080612,43.65480896614862,4.383627086314405,5,1
5,Low,30.198634397998127,10.0,4.277457426888972,4,0
2,Medium,32.433121295429196,39.88547994139324,3.403051049671548,3,0
3,Medium,12.785049369334347,73.53393986335382,7.027757353618079,2,0
7,Medium,18.83547654698953,56.89339038658471,3.818264378380342,0,0
6,Medium,14.963387883281978,58.08902397327914,5.73541409850013,5,0
2,Medium,19.63276889916971,76.5700801768876,4.007858542523252,1,1
6,Medium,32.16110698081099,29.273274221285448,4.2841641769499565,5,1
2,Medium,19.048032690577084,28.964991398154996,4.829178849915543,1,0
2,Medium,24.64846773068183,10.0,5.817863637251311,4,0
2,Medium,14.575383830687645,67.5416414248557,4.611164177321781,3,0
3,High,37.26422164533702,61.24968467259206,3.291192242574002,3,0
2,Low,19.54890009776663,64.47933039182227,5.028621996618651,1,0
4,High,40.22980551909954,26.33977551886439,3.849992301212555,0,1
9,High,25.6092909384936,17.915020881602942,7.315757460371796,1,0
6,Low,10.930004220369208,23.60763383133335,4.610083246291117,1,0
1,Medium,23.289732534543756,31.548554552825912,3.9980459928932968,3,0
8,Medium,14.372231725338356,81.07917817825708,7.962201199480014,2,0
7,Low,30.89349377378153,70.00253447565004,6.10833455366371,0,1
10,Medium,22.386372176731335,40.835587187593596,3.6548388292936753,3,0
3,Low,26.63210255027354,55.985039865199695,3.813628910005094,5,0
1,Low,21.306468899534373,36.43275507704523,5.711274471636022,1,0
5,High,19.446576961366745,57.28559521563314,5.065214451552348,2,0
4,Low,15.26377990384373,27.238085245160036,6.335263314080712,0,0
10,High,33.362229368215296,65.00502891947862,4.0059855485126254,4,1
8,Medium,23.26846898200302,33.00593404831214,6.051663687197715,0,0
1,High,21.85309106301616,66.11830057086314,2.0,0,0
10,Medium,23.017861015578397,41.45154183611316,4.768337196111842,1,1
1,Low,18.211382065142253,34.19848092803452,4.074231280983902,1,0
4,Medium,21.88648573223975,82.25993434499313,4.3174300689988705,4,0
8,Low,27.056298146934875,53.53892369787531,4.845688030810882,4,1
5,Medium,14.65863000943235,43.55637257902885,6.707755459390544,4,0
2,High,16.106480069207922,65.16356616702528,3.2689401810184293,3,0
6,Low,38.782840936226734,23.2001786085023,2.0,3,0
5,Medium,21.372434672004438,72.13727178520718,3.44291964333258,1,0
2,Medium,19.484391910759904,47.21110587183101,6.53365389789224,1,0
3,High,11.561283944407245,62.015754313368745,2.532512996762638,4,0
9,Medium,33.506776374742394,19.042530779538275,4.142078539122685,3,0
7,Low,14.440741864891567,42.35148083734009,6.259366062217747,2,0
7,Medium,24.847073390385418,50.09160278690968,4.912357185118469,3,0
6,Low,7.918149306834096,70.60598427237056,6.693060081275481,1,0
8,Medium,33.18172800364117,63.60822127874965,2.0,3,0
4,High,36.7685624361858,42.15045924765167,4.517586368703476,1,1
8,Medium,29.845203454780155,56.35895514646763,7.0057657495324985,4,1
4,High,9.655198685947033,75.13138203453963,3.3096775308017525,4,0
8,Low,33.38762143909231,46.0002303315488,6.552214765082129,4,1
9,Medium,16.726510003596474,43.82270079129385,4.646464425409757,2,0
3,High,13.290281212783876,12.205907144941747,5.651194137583884,2,0
3,Low,21.165389542423465,44.418553293143795,6.896985360533812,1,0
2,High,20.966323266535106,15.207459226309567,5.644754226572133,0,0
10,Low,19.949513488197105,47.71330641933586,4.113125660945951,5,1
3,Medium,37.73674247904694,69.76270286485494,5.843094128187842,2,1
3,High,45.118259964426265,10.0,4.007300232078492,1,1
5,Medium,11.308634626505354,74.6841764924158,5.410050279178082,3,0
5,Low,18.111676056754096,43.39553746687603,3.122235560862841,4,0
2,Medium,26.427483360449568,49.456702657467886,5.043642010118442,4,1
10,Medium,21.112835090627726,39.95160439722916,6.7839396174331466,4,0
6,High,28.993987492785163,15.735262349026812,4.551845416152412,1,0
5,Medium,34.15985355945795,34.340216514075195,6.640535658273967,4,0
6,Medium,32.49365942270041,91.94820136898969,8.0,2,1
1,Medium,31.097335678498318,28.079090074930967,4.956579027783182,3,0
5,Medium,41.59095520919723,18.229152765488994,5.921288234362978,4,0
9,Medium,9.110527170838905,52.825820548142055,5.715293877323085,1,0
10,Medium,39.801087919546156,48.28446969655367,5.3376554887611185,3,1
2,High,20.870083659102562,43.53340418408705,6.181844036238344,4,0
1,Medium,32.85125220675627,50.288958867045125,4.627857452191005,0,0
10,Medium,14.703337717205564,62.884052213923134,4.0061838495881865,4,0
9,Low,15.915036081067223,38.25672800429372,2.710515842854238,5,0
10,Low,31.621172914820274,53.88820416565233,4.485862260369757,2,1
9,Low,5.712699772501544,70.47749324260008,6.352151247703051,3,0
9,Low,34.894420782883124,30.0942266649041,3.5903043332103026,2,0
6,Medium,37.59963502341588,10.0,5.370016844799136,0,0
8,Medium,26.7778485382896,63.41616984191832,4.8153352047036035,0,1
1,Medium,26.417610355785573,100.0,4.068922815436103,5,1
10,High,16.66363855091548,49.85290692702369,2.2204395053701,2,0
4,High,31.744494024036683,54.03864402131912,7.04428204868118,3,1
1,High,28.47665246407426,44.08383133812019,5.775785795575068,0,0
8,Medium,15.78494603976177,81.76121683020519,8.0,0,0
1,Medium,21.08520049911808,48.444861341102666,6.619119520936312,4,0
3,Medium,23.406645753041964,46.268716799701295,7.010815967972822,5,1
4,Low,21.07197803480813,68.21727628538406,2.375969403464903,1,0
8,Medium,11.37088586650025,40.314540756063565,2.349746953157661,0,0
6,High,31.990203085838953,24.306125978482914,5.063468091578881,3,0
10,High,22.564895440981054,67.64600759091388,3.2778268647780315,3,0
7,Low,25.153647758933094,38.169055846557086,3.978069729733962,4,0
8,Medium,19.217334126025733,30.49079944647974,8.0,3,0
2,High,29.7527147397199,92.00096317146374,6.784814257522791,4,1
10,Low,26.986961843814033,46.42806393554576,3.5965166865023055,0,0
8,Medium,37.12784389130418,59.88452164594666,2.0,0,1
3,High,29.80598712938984,50.59056482015553,3.4700939928439247,0,0
7,Medium,22.973155981628892,32.27361019259343,4.164208335591916,0,0
3,Low,17.602831824974395,63.78867240043845,4.518104496109887,1,0
7,Medium,33.659526839166446,56.29157967573449,3.0814306233850686,5,0
2,High,22.174239012135423,36.812403367201355,6.694775888496192,5,0
10,Medium,23.28282433403779,58.66380675712677,3.93280880921262,1,0
6,Low,23.280283937073253,39.71379811739996,5.9728665089040645,0,0
3,Medium,20.983922893428705,27.9100927978294,5.080831132836533,3,0
3,Medium,23.454610057701306,25.886654912957535,6.407715582629064,4,0
9,Medium,44.26207562732578,55.401172419259574,4.643119507335432,5,1
7,Medium,14.521779458723078,42.34538140143111,3.6125203420130445,2,0
5,Low,16.8549578923839,80.03408038087923,4.102119193847051,4,1
10,High,38.8432441815425,49.140837733240865,4.123272328463293,2,1
7,Low,21.25195615504928,34.29593413092836,8.0,2,0
9,Medium,20.49378715925105,53.156352772878236,5.114757907758932,0,0
1,Low,35.34863856773434,24.114653568507872,5.006949222055816,2,0
7,Medium,10.79804382718249,48.31737518950595,6.323039811062824,0,0
6,Medium,33.21454429253406,56.383335529565514,4.999895217868806,1,1
10,Medium,25.456164293215437,53.91344615270611,6.682514478971555,3,1
9,Low,29.648021308319773,76.05599861039516,4.441883358948329,2,1
1,Medium,29.46030955252126,100.0,4.289540374380966,3,1
4,Low,18.72017413517362,63.427947426825696,3.529589755977758,0,0
9,Medium,35.51183780149906,73.5759265557104,7.775070995076052,2,1
4,High,19.49862288521931,100.0,4.895262764351593,4,1
10,Medium,29.088490189987418,29.875483043670485,3.238936310567757,1,0
3,Medium,37.377244855291366,52.612548175500166,5.295240832968827,5,1
9,Medium,38.789016998464696,40.440069358266825,4.024919184404839,1,1
2,Low,22.328736640593075,66.85315420522144,4.415598152819103,2,0
4,Medium,29.631352742410105,55.43237838953242,5.466130147591577,1,0
6,Medium,21.405112097963805,33.63135360192132,7.281477860381152,5,0
2,Medium,50.0,50.21895632694089,5.152378037259561,4,1
8,Low,32.80126005873819,70.9384547931177,3.9334448443172736,3,0
8,High,25.840584358369355,23.925507379498676,4.242627736558658,4,0
1,Medium,28.125621734577425,34.05310888722042,5.984670780365702,1,0
3,High,29.071054154460676,31.054498299163825,2.062488626319589,5,0
10,Medium,29.36743540783482,56.527931109738205,3.4359765855558617,3,0
9,Medium,22.60001782353443,74.8103215922992,5.31896911429601,5,1
5,Low,21.056727007648252,10.0,2.439995633937878,4,0
6,Low,23.481466382735068,51.887971269571665,4.531223181297705,0,1
4,High,13.603082949527925,31.515585654496313,4.282602446513726,0,0
10,Low,32.1827440697446,70.10805549659969,6.316172783113501,3,0
2,High,16.982949573510275,45.26063448857492,4.624576500321201,3,0
8,Medium,14.400499210152834,52.613478781547954,6.7800370739045706,3,0
6,Low,24.85645533435851,49.9732600959588,5.118309534857092,0,1
5,Low,23.698773703101132,72.4843760637969,7.664676696213899,4,1
9,Low,27.496344757889887,90.97263061595565,2.918766553412343,3,0
1,High,19.317946306035903,27.306693402371177,7.425690261901966,0,0
5,Medium,21.074574417690265,30.94887764010696,4.383309265655916,3,0
6,Medium,31.921195050884908,56.42995805109414,7.210924551839614,3,1
5,Medium,31.31217200495194,33.67195303396163,6.777852049827747,5,0
6,Low,30.895250461766782,68.67167540800548,2.0,3,0
6,Medium,25.339676123514824,71.88234918168675,5.718752315479759,0,0
7,Low,26.68922623332275,39.06847375507084,6.4964296442118465,4,0
4,High,27.304388877105033,34.7292546671705,6.992889105006675,0,0
8,Medium,18.439582601910235,44.504419566945614,3.235044221330866,0,0
7,Medium,39.74046600146101,52.080364279260365,5.885514345521345,3,1
9,Medium,38.31588032487699,56.29674379790383,5.292610517998592,5,1
7,Medium,32.94245591000967,10.0,5.647113450449487,2,0
3,High,20.741384135984024,30.65088962299763,6.498404729889527,2,0
3,Medium,30.391441179501502,41.91801302258832,6.735064779089651,2,1
8,Low,34.783699377697715,34.06021336506226,4.016385567853293,0,1
5,Medium,12.768030982788567,10.0,5.398128997769985,3,0
4,Low,41.94511761698497,12.23255069290613,5.061702975818192,2,1
8,Low,7.606123888442049,23.89282948831266,4.640971066595517,1,0
6,High,32.04605819709075,47.69431598293562,4.784337183246439,1,0
2,Medium,39.53282306252469,41.27595613037381,5.293980863084955,1,1
4,High,23.86936535972969,37.36861834942851,4.0970275962991005,4,0
4,Medium,23.495356001769267,65.9302992158568,6.324555167796321,3,0
6,Medium,31.676607926469234,65.92267329847523,6.903962432437774,0,0
6,Low,43.51881891933872,52.99837306963747,3.7691351666211563,0,0
1,Low,22.18932362058634,52.40240565437317,6.977494831908683,3,0
8,High,17.190448081340552,32.866788981331766,3.771959863660789,5,0
6,Medium,20.762245443920076,35.26015338686944,6.3466803675346775,5,0
3,High,9.474860077137796,15.847012337495642,6.9747182158858525,4,0
9,Medium,33.97757898715156,44.98497136443338,4.858233955880241,3,1
2,Low,19.859169472861403,65.71482579422394,3.7842533870243322,5,0
8,Medium,22.916608459344445,77.0865979354912,4.116975503432556,4,0
10,Medium,34.096211314190064,45.10440284189073,5.542785298473285,2,1
3,Low,21.23089675590151,59.83337664019381,7.946981618614947,2,0
5,High,32.590903953883966,10.0,2.460900738444935,4,0
6,Medium,14.619114961837132,41.34143359203152,5.150362947217967,3,0
10,Low,34.58719428323998,40.87275239733473,4.867891776354482,2,0
6,Medium,28.419050212654703,79.82336628450767,4.315217357347835,3,1
4,High,24.114209691803318,57.85866921842836,4.878827087407077,5,0
3,Low,26.308934879437956,59.88510845761215,4.1867047672263835,2,0
4,High,12.132387053472636,58.846566219979856,6.8647331177936115,5,0
1,Low,26.0800074394697,50.90885464664443,7.0137407100000875,3,1
4,Medium,23.58330214643396,80.64730661698259,5.132202906720534,3,0
1,Medium,12.405673895624364,10.0,4.788282479770564,1,0
1,Medium,18.28924573093456,52.92420817430836,4.260444991059402,4,0
10,Medium,23.707547420474818,72.59605703279126,5.135422006629015,0,0
6,Medium,18.927078150521588,12.172130936147035,7.771746543301438,4,0
5,Medium,5.0,66.75835707544604,4.844398645697963,3,0
4,Medium,35.763875396088665,34.77673517469367,3.740851402960611,3,0
3,Low,23.579101249103346,52.196318576840824,4.403357162979724,4,0
1,High,5.0,34.39281238109146,6.13020494265332,3,0
6,Medium,46.34962939679395,69.18303353098045,3.9233949439285922,5,1
2,High,37.41392331313189,44.23276237552867,4.949440858006215,2,1
8,Low,21.51017948931665,66.91593712714423,5.709324702744109,3,1
10,Medium,16.57502508633299,58.70659672528682,4.03720571592046,4,0
5,Medium,29.03191210760522,34.124150318823226,2.3533914188524223,4,0
7,Medium,27.023268148841414,60.0371838079105,3.3929218042203466,4,0
10,Medium,30.420899248003735,36.72861883974535,3.7118502366905393,1,0
2,Low,16.603797267449515,51.28256187679947,4.656759041215038,5,0
8,Medium,35.97772020971633,43.868112770204,5.066449492092916,5,1
2,Medium,20.265378768244506,67.99823732777547,6.235551946065667,1,0
4,Low,31.80765748655567,60.80644541474835,3.1591159870029393,5,0
1,Medium,17.030607395429758,49.385569027905156,6.017430306060763,1,0
5,Medium,50.0,36.28576445688678,4.4436147332752975,5,1
9,Low,31.955233489652585,24.620170203385637,2.3216790516772283,1,0
1,High,50.0,52.71312838581396,5.020360489076308,1,1
9,High,33.276019763260464,37.35418213696482,6.974401327249952,5,1
8,Medium,19.38535643131316,12.440076848523496,6.324671827487725,1,0
6,Low,33.29380793589196,23.39942918007499,4.885594383466899,5,0
7,Medium,34.005778181932165,82.51750611083435,6.688655924193126,1,1
3,Medium,28.733241444977626,36.8004723002111,5.288334020820957,4,1
1,Medium,31.303924720320566,71.64325555020802,6.471783241733657,0,1
5,Medium,32.61727129407676,42.867005456034384,2.507596497546797,5,0
2,Medium,15.063189892342585,74.79155270321627,3.125490777109603,1,0
5,Medium,14.351415952700478,73.34328034948756,6.093553978359079,4,0
8,Medium,17.057830013855664,33.48609146198685,7.308923741517235,0,0
9,Medium,26.275423943705103,10.240486663847904,5.625943596368758,1,0
2,High,22.768288285265797,11.933590459393592,4.253994689936297,0,0
3,Medium,15.244294340770514,33.826769920885866,3.7242262121400658,5,0
3,Medium,32.75314210519647,87.79268851115083,4.527027254607788,0,1
1,High,27.830448201364796,41.78875850154922,6.820455487575147,2,1
8,Medium,26.689289913708542,52.90487900146909,4.486209442568908,3,1
6,Medium,22.420106948260646,76.0667373240678,6.571641862081129,2,1
8,Medium,21.21771897634427,52.20642726223376,5.978859688181817,5,1
9,Medium,16.586688381910236,51.5178207704155,7.57088870064049,5,0
5,High,34.33740292537338,62.45326387890293,5.300392807304761,0,1
3,Medium,17.965071183468133,55.779395110199744,4.925605458226938,4,0
5,High,27.093904666928168,48.0106578999303,6.646508158520402,1,0
5,Low,41.620103962720336,35.57101313605116,3.5971058070529724,3,0
5,Low,21.677422553106496,51.569777817309124,4.333974534333594,1,0
3,Medium,34.607021407191944,71.88799594166281,2.4799928817052277,4,1
10,Low,30.687090160356732,85.64009173997442,3.118513161428007,5,1
4,Low,28.114675632610535,55.8455328313782,7.8850578195947145,3,0
9,Medium,29.30348441904753,65.10322270191946,6.0384718604610494,2,1
10,Low,24.050934307290696,55.39461414325624,2.9439476255405976,5,0
9,Low,25.347759687934406,48.25341271192794,6.7922434919405825,5,0
2,High,19.518860517742755,60.28514157225369,3.944453680706985,0,0
8,Low,25.41457121134089,73.78665668624969,5.961425912500095,4,1
8,Medium,19.14774004216503,32.272763279617095,5.939020406593507,0,0
7,Medium,35.05655093076597,20.972065953741822,7.497486050124048,0,0
8,High,8.00502571321556,39.33983500727068,4.193405374249318,1,0
3,Low,29.810532911254825,54.233238865994075,3.889655919229948,5,0
6,High,28.365867014222797,67.39743235242463,2.0,4,0
1,Medium,27.460159641760335,30.209843502890237,4.817340309960242,0,0
7,Medium,35.244989488654866,10.0,6.087994747976349,2,0
1,Medium,22.138764099570526,39.811026866579674,6.29296075290421,3,0
9,High,27.554338445720497,46.12171548683528,6.878599069443138,4,0
1,Medium,7.834581118135471,26.75453033177124,5.43470861299759,1,0
1,Medium,20.84683117864777,34.878181423653764,5.75717167735875,4,0
7,Medium,33.55736431175224,67.34566820173995,5.102180661070421,5,1
2,Medium,11.608382644635181,51.56240139192198,6.061182253329352,1,0
5,High,26.59743367050745,56.912442372186355,3.598636464350015,3,0
8,Low,18.22482928116203,42.88635536778905,2.887302753627123,2,0
8,High,23.89013028228265,34.91779178083348,3.7568929858380757,0,0
3,Low,18.82322511238403,42.74203541151712,5.320435576379985,4,0
7,Low,12.528043957065695,59.977603883593844,3.0493630012921287,1,0
3,Low,28.860033149598006,20.173595773175666,4.0501337605937175,3,0
6,Medium,24.504032379752537,83.00340519664022,4.098058575447251,0,1
6,Medium,31.126291196871993,61.49716991364806,6.172731816448184,3,1
3,Low,32.94437907998861,39.282397914185694,5.9901431907955685,2,0
7,Low,37.25258737089015,66.26814235773001,5.105729138388376,0,1
3,High,26.33486745442665,74.44698134146216,5.6765973224563355,0,0
8,High,37.68621024603208,43.39323900795123,5.706185665950455,0,1
10,High,15.242254926090457,45.66830420469877,4.454570664300543,1,0
4,High,34.08959829228131,79.86948426946009,4.186251040418407,0,0
1,Medium,29.593904163278538,92.37950293836197,7.3050296234335566,3,1
4,Low,27.33092652514787,50.58871315136215,2.0,1,0
7,Medium,29.44732234163117,26.835713058220513,3.888044946594121,0,0
4,Medium,15.39261121664538,40.58795690150883,4.694326217885141,3,0
6,Low,13.032531900749774,70.66031488938401,5.839927140979021,3,0
9,Medium,42.09828186076999,29.39569407972411,6.703259789154788,4,1
1,Low,23.312778218027297,45.83433600481962,7.785097406282221,3,0
5,Medium,23.170065781932994,55.85169762863259,4.862433975694804,5,0
7,Medium,13.976905257587083,31.54570627184665,4.962896562965249,2,0
1,Medium,10.18221694503163,71.92869123752153,5.54391509092277,0,0
4,Medium,24.11681121187718,63.879350304087495,4.203318592506617,0,0
6,Medium,21.58412078491272,90.19091819050584,3.2236440919161873,0,0
2,Low,25.017343567424508,65.62921791715544,4.8556243006039725,3,0
10,Low,25.87153940382175,30.78220728867923,6.118058438002697,3,0
5,High,49.894610812606935,60.60738121818383,4.635614830735279,0,1
10,Medium,21.614200192610454,69.76043347031712,5.62015308307714,5,1
1,Low,40.79940107943447,70.78957628250693,2.196774030692696,1,0
6,High,41.420242150449454,34.46315704218527,5.027606935129188,1,1
6,Low,32.536242852719845,32.073245952890495,4.394830113928513,2,0
4,Medium,22.648736674508882,27.20725761781977,3.087314366763222,4,0
8,Low,11.385276638672707,82.09463988277733,5.985818755377271,2,0
4,Medium,29.779438773339066,62.457576476840764,7.768468353911473,0,0
8,Medium,35.18812079700944,33.575627515825786,6.4849383885213285,0,1
8,Low,42.47687464282984,52.543778775142414,6.580623508217659,0,1
5,High,15.500420457532181,47.52625373197952,6.068715551925206,4,0
4,Medium,22.564736108147326,30.54837062068634,5.9696771744693296,3,0
2,Low,15.56135409577153,50.72367887913206,2.300852096636726,4,0
3,Low,18.665220075630774,53.81390575440878,4.808073574892017,2,0
3,Low,31.64387534235627,88.62506189303798,5.763004649968801,3,1
4,Low,18.206952306342643,36.886249484674536,5.797107171801301,3,0
4,Medium,16.757288226829907,15.812013516093238,6.907559283904558,2,0
10,High,32.969958637222746,29.020925292880456,3.4514035255502313,3,0
5,Medium,29.507387900435468,32.14705153135556,5.910907423111548,1,0
4,Low,28.500111979351747,41.46145647934209,3.4024384940110797,2,0
10,Low,18.47112641800934,29.069925417457153,4.68245061524141,2,0
8,Low,37.930232782147016,66.44244011637879,4.907055489147086,1,1
6,Medium,25.14490197319791,27.679344739810404,6.293856371073428,4,1
6,Medium,48.801901387547694,50.400359365984606,6.117430082600516,4,1
8,Low,26.611661694700445,90.00384367044349,5.180495881567458,4,1
7,Medium,5.0,61.071365435272476,2.0,3,0
10,High,5.0,59.015140234247184,5.667250599488081,1,0
10,Medium,31.239499418454685,87.1463240149032,4.59848528444182,2,1
8,High,38.004941523308055,74.91299128473946,7.087708837428651,2,1
2,Medium,17.161718700761504,61.30248734705207,6.730240316510553,2,0
9,Medium,46.00978772777151,43.78546300111062,3.592965639641513,3,0
1,Medium,41.62998936994103,49.54622250420413,5.873261358485878,3,1
8,Medium,27.10546763441148,48.57392264667587,5.902865909240607,5,1
4,Low,30.394539423561316,41.97148904855783,5.793775369425388,4,0
4,Medium,33.94530217388517,54.24073023765849,5.599371612118398,5,1
5,Low,43.899948973205156,57.01495394095312,5.9452318797023755,5,1
8,Medium,31.821359667455813,25.107430656835486,7.252228723360994,3,0
5,Low,26.87931652271149,82.64084999924597,4.172929500160195,4,0
8,High,31.723011975866488,58.195950261465626,3.6412855651143197,4,0
10,Medium,30.37360281449226,44.74434076098765,6.174072703258255,2,1
1,Medium,34.24410187274994,54.42351957458915,2.1749568580532626,3,0
10,Low,9.299767069204634,68.60737782317202,5.981035790844306,4,0
9,High,28.158534499474552,20.66627174828215,5.715408452813071,5,1
6,High,29.604405075797363,47.89878547039508,2.0,1,0
3,Medium,24.27152832947828,26.282884502753344,4.045495010584452,1,0
8,Low,32.841664442175585,100.0,7.363961788411976,3,1
9,Medium,44.21167620569041,52.7637209553723,2.8142352039260903,2,0
6,Low,26.382171311044402,26.44508704800987,5.318887422424143,2,0
7,Low,31.917210807076902,100.0,3.492642050009323,4,1
1,Medium,41.06264760451553,39.279628424392214,3.9365805439073513,3,0
5,Medium,26.615645059418554,45.81840163847585,7.8744782306410075,1,0
5,Medium,16.11536797641191,47.264035200292746,5.1851665186792095,5,0
10,High,31.15778849087924,33.04093886861929,5.7754260328443845,4,1
4,Medium,5.0,54.94704034992286,4.831303135360229,5,0
6,Medium,5.0,10.0,2.7273000288535654,4,0
7,Medium,28.33012047116258,71.71796765754583,3.2226151896535082,0,1
9,High,5.0,27.44390258525559,6.767645488463349,5,0
1,Low,11.848322575718091,41.693569553793765,5.229338222518602,3,0
6,High,21.199014364896776,65.03039347372325,3.844567466065273,5,1
7,High,17.785836502541134,45.91077963387769,4.96692229811471,5,1
3,Low,23.521934964528825,46.72904505804747,5.992396944925923,4,1
8,Medium,36.12870140768497,29.75845114540458,5.681733271374969,1,0
5,High,27.38480811363931,91.91296434940901,3.845316199676232,0,0
9,Medium,16.60679598220541,60.6296476441318,2.6370450815942696,5,0
5,High,38.54441072784276,28.344301034616667,4.389430185167681,1,1
9,High,10.71142763455809,53.563648921157025,6.66357295390506,2,0
10,Medium,27.218835087720993,26.9306401069738,6.281565447660816,0,0
4,Medium,9.599140249882955,84.44828587978898,5.615604897387744,0,0
9,High,27.52317905730539,53.99275921417092,4.743679382800833,4,1
5,Medium,21.813725961074024,30.489069441858668,4.224879856909074,5,0
10,Low,35.82237911526368,63.95181471247833,4.77150739331846,2,1
9,Low,32.2068947119423,44.438486559033734,6.172657496453182,4,1
3,Medium,19.128606680083372,24.235426889550382,6.5152859183536425,3,0
4,High,17.21060359183759,57.620926678004196,4.607319852616598,1,0
9,High,21.849032669678905,57.056836682757876,8.0,1,0
10,Medium,43.755714600343396,72.75467265134796,5.138605663665584,4,1
6,Low,41.19068481108081,51.290071138355955,4.479566825097647,1,1
2,Low,15.317318146313493,52.14120573917102,7.213504157914326,5,0
7,High,33.002253380013485,53.20266073090368,2.0,1,0
2,Low,7.685685711027343,81.90565989014058,5.720050541848034,5,0
2,Low,20.52657538942635,43.798529534518586,4.890802411050054,3,0
1,Low,15.724356471375414,59.38909937611463,7.172276479807038,2,0
3,Medium,35.69279457572441,62.33490904031224,5.9073850379752875,0,1
6,High,12.09282480211588,56.99553038461519,5.2086532547624875,4,0
8,Low,29.29350235422472,43.04190787880859,5.993950696319823,4,0
9,Medium,25.007101215659635,52.41208014615007,3.4166265318188715,5,0
7,Medium,23.245511702704896,48.12684477134298,6.450229751718288,3,0
4,High,41.71582950744398,89.18420720223607,2.983121364479793,3,1
6,Low,42.59697192334311,40.84472429137388,5.537746071221547,0,1
5,Medium,23.556071815470286,31.748429474955437,5.053421511629037,2,0
8,Medium,21.54083699400006,49.87596617133848,2.3554181354428625,4,0
1,High,9.931266811968332,48.46603605142654,5.103413087144075,5,0
1,Medium,24.9574101276079,53.936870403372595,5.422980127559447,3,0
6,Low,44.533032557459904,40.85106795597336,4.017686039063314,4,1
10,Medium,23.712646604720767,52.20746959865753,3.4813670017360883,5,0
2,Medium,32.2875928314378,52.59214077942423,5.738266105142596,1,1
5,Low,11.025026760807357,68.1197937872001,5.543472501741214,4,0
1,High,20.652250702663984,51.86012767418303,5.340228633881066,2,0
7,Low,29.62465305802651,52.049500612631775,5.013262658532326,5,1
1,Medium,26.058623980480526,60.32692759417034,4.150155474536605,2,0
4,Medium,33.246673344105616,67.35310126363035,8.0,4,1
9,Medium,18.973281154413364,30.32648424746842,4.552503739627868,1,0
1,Medium,7.500114511763346,24.95358880266357,3.702329954796825,2,0
4,High,36.2209023032227,83.90959258767623,5.0816409128152005,3,1
6,Medium,15.638507107290916,64.08150875856316,4.728588430533324,5,0
6,Medium,30.06604027501984,45.612267273411945,4.517730787375264,4,0
8,Medium,29.50856866488415,50.39403873266262,7.811414135908979,1,1
1,Medium,8.362468049680082,42.14876613340346,3.305378272993089,3,0
7,Low,35.491254172400254,54.22561448883104,5.056155603190558,4,0
1,Medium,19.33432805471031,30.56325621190624,3.4059904626072326,1,0
7,High,25.550546219869616,66.80333970179852,4.188462842905957,3,1
3,Low,21.418174360344434,53.50906797257004,7.604173924842549,2,0
8,Medium,41.22591502232909,54.232541920667025,5.42216758358284,4,1
3,High,38.434902081840626,32.12115234642956,5.404055892782576,4,1
1,Low,6.87665416229278,60.48534193545271,3.5907781578082183,2,0
8,Medium,47.58827121908189,32.58056713707918,4.363067661924827,0,1
3,Medium,18.21693267484804,36.156982801824284,7.734682282337754,3,0
2,Medium,46.024366769818386,51.752438468835024,5.749043369655366,2,1
1,Low,22.437904278600154,100.0,4.490427722535643,4,0
3,Low,21.59083293908065,53.42932266709619,5.660910885454909,3,1
2,Medium,22.526722669221776,10.0,5.401495794816814,3,0
2,High,20.9921035502051,37.14997233278499,3.740840519222185,0,0
6,Medium,50.0,63.674582244411475,4.446787627216889,4,1
1,Medium,24.236368006793658,27.430781100317525,8.0,1,0
2,Low,21.977035674613106,66.6220488229132,5.588003875169962,0,0
6,Medium,25.77010757492944,53.17641149530059,2.646436983035686,0,0
3,Low,15.326648030752947,69.82654385181552,5.765315222369616,1,0
4,High,40.97120534290251,38.82291781498005,6.95463240954192,1,1
1,High,10.289191643068687,37.26432170134568,3.643432729770909,0,0
8,Medium,18.85991392928595,61.299703165690225,4.31473655497478,3,0
7,High,34.36660309846792,49.84943250055681,7.180656432437777,2,1
7,Low,25.42352130767432,48.639543764274514,5.052368703239345,2,0
3,Medium,30.492151825000466,81.37939737898125,4.785682665813066,0,1
10,Medium,40.331641166854304,62.082818541235696,2.9959129551822814,3,0
10,High,35.0380154833248,10.20154066608545,6.6058494627213005,1,0
3,Low,26.374763451411454,65.98136245032775,4.7172964448740595,5,1
2,Medium,45.89342649851798,63.97937600830244,2.0,0,1
1,High,18.71663851203767,73.69822574446864,2.6410437278506187,4,0
7,Low,23.99690359007447,31.20603160852982,4.157629077225954,3,0
7,Medium,24.695596684972337,56.496116504202455,3.3907365602560464,4,0
2,Medium,23.975782339830204,52.23260042486363,3.626057369450032,4,0
7,Medium,14.307893430388397,30.847363050404933,8.0,0,0
8,Low,9.163501748395017,68.9353313581316,6.061284520499156,3,0
1,Low,29.172015743791935,45.16908001381235,2.0,4,0
9,Low,18.66526214449343,73.05464782504669,4.528517133169246,3,0
7,High,44.0780878898128,35.14282429865048,4.8657598889691975,2,1
3,Medium,24.274576767647606,20.788290584012096,2.7845990990950487,5,0
8,Low,22.485107425085097,45.148676359377106,5.801579458303914,4,0
7,Medium,35.943397864026544,54.63826365124895,2.0,4,1
8,Medium,29.021926374477218,39.31608145562176,6.645420436655556,3,1
6,Low,23.244825722129512,10.0,7.162294972584326,5,0
9,Medium,18.592682522355567,57.6729828983754,8.0,2,0
5,Medium,50.0,57.57961381044051,2.6385061186506302,4,1
3,Medium,28.617857622617386,63.74334557081933,2.943653962249796,0,0
3,Medium,35.84429577384396,42.390151288984455,6.0390080513790965,3,1
1,Low,14.770544797665046,41.298965352361854,6.774020082598966,3,0
8,Medium,19.22014613576325,78.80643545602982,6.2134289920378585,4,1
2,Medium,46.12345888290288,18.491906283565676,6.619575510791391,2,1
3,Medium,38.96930939355635,45.0576441266472,7.065241042947551,4,1
8,Medium,29.576221037332832,52.84603692263611,5.3033755932938496,1,0
8,Medium,21.184291082029766,62.12043660028482,4.6811751298691116,4,0
4,High,22.65964228043424,53.395343648086374,2.9477341881118946,5,0
4,Medium,18.23889264743871,31.56014723076882,4.552841892176302,5,0
5,Medium,13.431506698613587,73.35227896041708,4.782667396503656,1,0
6,High,34.23844184261014,50.03814824553815,3.5754731400136173,5,0
5,Medium,30.388312227920586,16.639945870172717,4.942663698264404,5,0
7,Low,32.36078816342273,54.18353301546789,3.406431549380776,0,0
2,Low,21.631020120377357,59.50553742442928,6.669998504520755,3,0
7,Low,27.556389751331636,89.2148790679623,5.63873670376874,5,1
10,High,20.679562350258657,58.17502697740584,4.310594466742529,3,1
7,Medium,17.726919372296937,20.35948855969756,5.283260911739128,2,0
1,High,41.67062436142176,21.06197418383287,3.342365356462775,4,0
7,Medium,26.21507296840743,75.17418916396534,3.4944608553211047,0,0
5,Medium,30.074543382865404,33.94393973301722,4.049218042584166,1,0
3,Low,33.35754013857501,19.008378717096804,4.712107894386349,2,0
3,Medium,26.34040886233024,70.01021735516865,5.211802718733536,0,0
4,Medium,27.406327440251545,40.48528375570659,5.217734550344009,0,1
2,High,14.133748230462928,68.94027928319215,3.0218335002540497,1,0
2,Low,16.038849715634147,31.70560989341177,4.878906675661763,1,0
1,Medium,15.521852448715533,79.4762466733176,3.772917019127668,3,0
5,Medium,31.054584168205352,67.44127413866552,2.0,4,0
4,Medium,25.708906528220652,35.54629266797306,8.0,2,0
10,Medium,16.03968436234412,16.79219066210718,3.802023911070633,4,0
2,Medium,30.80098841635207,96.10327717508284,3.8852717687827916,2,1
3,Low,30.43456460954106,45.79584596013707,2.980345816459112,0,0
7,Medium,18.050340087006354,34.745367058485655,3.413760567954239,5,0
7,Medium,24.72172455370726,77.72616537658998,4.716991527628825,5,1
4,High,30.471416750604767,68.9151970682488,7.027719986180042,1,0
5,High,16.416446458805765,73.6559308662516,4.70847699267848,1,0
5,Medium,30.662267648959507,48.02983444964538,4.514656536147988,0,0
6,Low,28.010236041635615,87.62109380647249,6.800410965532082,0,1
9,High,15.008002944989737,23.787636388972764,4.213405204197375,2,0
2,Medium,27.19796734998102,38.959009568849574,5.031724093363499,0,0
5,High,28.656485866559045,57.79757511429767,3.617644902180528,2,0
3,Low,18.73998873861201,73.36222688474226,7.527700251428855,4,0
4,Medium,19.52716350133791,63.223180410496596,6.572765360053769,1,1
10,High,14.915800690688101,48.34268528306418,4.7705189456999495,1,0
6,High,20.51001030876106,40.497042655210414,4.400835077193911,5,1
8,Medium,24.87917989562852,73.47021716718709,4.952240815044892,5,1
1,Medium,19.554778413056795,65.2879202655406,4.792426132083799,1,0
10,Medium,10.151121017561128,32.50952414617871,2.67977050201599,4,0
8,Low,18.11411975363373,31.91461203873946,6.624001177138062,4,0
7,Medium,20.827078931879978,39.09023691120969,4.659293329633422,3,1
1,Medium,33.16838709632252,36.52476268761251,7.847510564069218,2,0
2,High,30.947649147769305,70.59681825092936,5.6327235661438735,5,1
3,Medium,33.36221078875002,58.714646444360355,2.0,2,0
1,Low,17.60981103001032,61.15574480806196,3.077564825226424,5,0
9,Low,26.415507790793434,53.83339273593552,2.0,3,0
8,Medium,5.0,54.77541430674709,3.0589279185216527,1,0
2,Medium,29.289203981809884,18.363651693193773,2.54959748871593,2,0
9,Medium,31.108976739007975,65.88367315369537,5.3788512355727605,5,1
7,Medium,21.48374832139076,38.730370388171146,4.525871987590587,2,0
9,High,27.954298117217817,49.33689333900014,6.110809877043334,1,0
6,High,9.850757246299473,40.53654155729332,4.942850625989058,0,0
6,Medium,16.98933009600176,52.91743130303351,4.639536397782748,5,0
4,High,32.65449238432276,61.46187854487991,8.0,0,1
10,Medium,30.112532785395743,29.822899349533422,5.334233950787754,3,0
10,Medium,20.881454889552323,55.054984484880045,4.879232723746139,4,0
2,Low,33.113623174047106,41.019948424922866,3.7198386198979354,2,0
7,Medium,26.38298116799911,76.42917551752006,3.236129726495559,5,0
5,Medium,19.957790360778404,27.707491940407444,6.155751527588152,2,0
6,High,23.17172689396706,29.949674608718922,6.066043996752288,3,0
2,Medium,20.445823086884644,42.8085956392638,7.3573681084235,3,0
5,High,13.162240491814721,31.487125699723226,5.718367389954223,2,0
10,Medium,37.566858059021015,45.51237974026176,4.410345743840681,5,1
4,Low,19.31975566707409,39.44228987768574,5.766515418155476,1,0
9,High,16.676392857030887,51.76824755403625,4.879549096694089,1,0
6,Medium,9.706516794866412,70.16144055648309,6.298077701110655,4,0
2,Medium,5.0,51.42559211368549,7.001497740278066,2,0
1,Medium,32.01496868118987,53.24709121632955,4.747165480424319,2,0
5,Low,32.93608687036212,28.853547943758002,7.635964459722109,5,0
9,Medium,36.930385845947086,47.318808923697404,6.782520901432279,2,1
6,Medium,23.50960683829818,41.56491056781205,5.026526509146606,5,0
10,Medium,21.780074727064047,63.6328192728097,6.0061149125869076,2,0
7,High,19.92276886696859,34.70866033594605,5.458245330470276,3,1
5,Medium,20.834423701617972,32.786888149775336,5.03299098920644,0,0
10,Low,36.197903507401875,56.34858394294697,7.869717584709516,2,1
6,Medium,24.73484751271042,89.60206108745878,5.776406691486037,0,0
5,High,28.780707960014027,46.481027520506736,3.7385474590534105,1,0
9,Low,20.579931680395966,53.364168124609975,3.458045484607087,4,0
6,Low,38.208479062207076,68.96043696709572,3.5193546193216587,1,0
8,Low,5.952611205652609,60.19807797230545,5.73425675137726,2,0
2,Low,12.794758252819543,60.32958960764394,4.487729491521414,5,0
9,High,28.79710524234558,48.0961509616399,5.499940574919166,1,1
5,Medium,42.506107512309356,48.485296344434786,6.404594427442059,3,1
7,Medium,22.748998002412296,34.897029245469426,8.0,0,0
10,Medium,16.576291942726563,59.72746508602766,4.522290149467464,5,0
1,Medium,35.006627051583436,59.271088599972856,2.8871740890001547,5,1
10,High,28.236984420148996,64.34329055387606,7.68860309799609,2,1
5,High,37.90213811994244,40.23791058893309,2.814348766521393,3,0
10,Medium,12.096489152556583,66.60268798757211,2.7553569388163117,0,0
2,High,37.11668486010926,72.66669576295874,7.649675389950347,3,1
6,Medium,9.515425432317283,25.72083763447479,6.599347291606219,1,0
1,Medium,22.118278538451328,44.062548412851875,5.7272605118392725,2,0
3,Low,29.127827528239262,73.50047163921677,4.925118503819789,5,1
5,Medium,26.86013378199094,37.00888600294229,4.641193973907119,5,0
4,Medium,35.60592335982367,60.575250543666805,4.023760962508492,1,1
3,High,6.733399829907764,50.17152004004863,4.575435238586876,5,0
10,Medium,26.41007479699037,56.61758642847017,4.928876928453917,4,1
5,High,36.99642032783947,50.781126053844226,2.9383251620908677,2,1
8,Medium,25.592942270720965,64.92341969128543,3.769657226041316,1,0
4,High,13.576603202332976,29.56965728272244,2.0,2,0
1,Medium,35.07507394826653,31.73353511755427,5.11689117815047,0,1
7,Medium,18.516897298563045,79.29027100533713,5.11715180162649,2,1
8,Medium,16.756769879371216,92.00726559970636,7.66777315439777,2,0
3,High,15.49864247116493,49.89161122747275,5.563332383048838,0,0
6,Low,23.013148870510374,84.3053208430342,4.165936899626933,1,1
2,High,26.83060220372871,34.56450705972955,4.6994674974504,2,0
7,Low,12.308999452969205,39.368282330280856,5.730233468766652,3,0
8,Medium,14.363541232700559,79.14975023490743,5.341418939817503,2,0
6,High,18.05517124137782,66.08213057246716,5.867428878817397,1,0
6,Low,15.450113521133597,82.12854195864517,5.565567160306903,5,0
5,Low,25.3675822654943,59.3711153811801,4.6210336022149985,0,0
8,Medium,28.612215964008808,29.749078469714497,4.1963100633905,5,0
1,High,27.23873810266593,54.47154715005353,4.115656694060051,1,0
10,Low,27.253318887478027,74.0400507693602,3.612093073066912,4,1
4,High,41.709917152886106,47.34529594707656,3.3768210743382117,5,0
4,Low,29.23683599627155,44.27132962988562,7.757695896293713,2,0
3,High,32.83964247889247,59.67706805928245,5.187065227469083,2,1
3,High,20.853842502230272,38.809874689096105,4.767047823337498,0,0
4,Medium,34.44006142661491,55.910009662270014,4.256173525740641,2,1
1,Medium,20.37647476206678,51.27002929342913,5.643318663996399,3,0
2,Medium,29.114483275885902,40.19171078503159,6.805495829084109,3,0
9,Medium,11.286331318176174,69.61474463734828,6.08489671438361,5,1
10,Low,26.662341319881218,62.91975877901548,6.382383630967266,1,1
2,Low,15.246197648306625,42.92658831426748,4.120206826724032,0,0
5,Low,34.36035654483908,49.700774701198526,4.99380613732493,4,0
9,Medium,33.75876461998784,44.574488003043264,4.139932832211561,5,1
9,Low,20.333726124409072,37.22704721514095,5.160547098204863,1,0
8,Medium,45.4957492862454,16.034606551859284,6.9088865120873155,0,1
1,High,22.14121703806525,40.32344511287855,5.659105767355762,0,0
1,Medium,8.879810993274727,37.51945003368755,7.440071548994077,5,0
9,Medium,17.208820296373197,52.297814156707176,4.5672145843247876,1,0
8,Medium,14.558589776421492,58.813976030564916,3.78955841897443,1,0
10,High,28.796021017862547,33.956306603942295,5.768192730041418,2,0
9,High,12.646369733275476,57.46994723454011,5.1782875448342285,4,1
7,High,19.607859841937547,30.8750843426665,5.484053379747001,3,0
3,High,28.1455217053677,47.494149687230895,5.259830244449747,2,0
3,Low,26.386458947118026,37.95161798678333,4.273348439972786,0,0
2,High,24.873561876582205,64.92347276158087,5.2936040716549995,4,1
5,Medium,26.260005190440673,52.33546199989196,6.4600558037437565,4,0
3,Low,21.294999024923456,47.79664148336442,6.6141615618529315,1,0
6,High,8.962479443336694,37.4950047977023,4.265725101221943,4,0
2,Low,21.03161779255355,43.42317383246922,5.346508897595728,5,0
3,Medium,29.687497843152855,86.58121624652102,7.215666624322381,4,1
5,Low,23.630650113905958,39.97831758554908,4.2981638764107135,0,0
1,Medium,28.914883731305007,59.588138351929665,4.025830400851173,5,1
1,Medium,19.132169704905145,47.74707366224622,6.191604445953306,5,1
10,Medium,34.94336079877929,59.01650629148075,5.928438810470718,2,1
9,Medium,5.0,66.73951745386478,3.7445358774018334,4,0
7,Medium,26.414405129233547,42.92043013357847,2.9008091045637325,1,0
1,High,38.48880347121278,64.19546852890247,5.317334153444521,2,1
8,Low,39.97698516041463,100.0,4.3721043532026105,1,1
3,Medium,22.681738307575248,61.3507998838341,2.4738856180573796,4,0
8,High,11.738018443571159,82.27162929199592,3.9691962142273027,2,0
5,High,38.66472842343359,59.62092000213228,5.903914722551862,4,1
1,Medium,24.481348331944393,31.360767556049876,4.7728839336335085,0,0
7,Medium,23.410304607301192,55.51387994505967,7.349156067527991,2,0
5,High,16.071453591222692,43.39232407580138,2.0,1,0
6,High,12.501125191417426,38.08118605364853,7.006988557230724,0,0
6,Medium,30.638631689243542,48.54829579195429,4.484144930350717,3,1
8,Low,31.698714547586604,46.90499842542496,4.267367996065429,1,0
9,Low,27.015440017994216,28.80150188414278,2.6732092450276204,4,0
2,Low,17.359542184061567,100.0,5.697622773714139,1,1
9,Medium,14.350011748908502,66.15741828944394,2.259857009009639,3,0
10,Low,10.67751344780107,54.88780491684229,6.226855466896875,1,0
9,Medium,19.39454823922027,51.79760222501946,2.7299539024373582,0,0
10,Medium,14.94146435251036,74.04697239243792,2.9664410596446342,5,0
10,Low,7.906903047089546,91.51140724618986,3.2131780749759775,1,0
7,High,31.513450123530482,63.70170744025149,3.926075048909754,2,1
1,Medium,11.809361385150329,52.423854095686416,6.413113911649251,3,0
7,Low,34.83922681430734,79.45288143955233,7.255934800432481,1,1
10,High,28.940717101134638,52.84718485871722,4.081109676589959,3,1
5,Low,27.94341187618399,58.70629619250202,4.930155348040902,5,1
6,Medium,41.653090460600914,70.02021840063675,5.734875963608767,0,1
10,Medium,12.141973659354752,42.2704172425148,4.506031454399142,2,0
7,Medium,33.73771996048796,10.0,5.676136440939494,4,0
5,High,22.023574269785705,41.298395493399624,4.993880792743953,1,0
7,Medium,50.0,65.46001858758773,4.619810181865203,0,1
9,Medium,21.192055688607905,64.05101795436357,2.870276457646854,3,0
3,Low,19.576916638743818,76.85340218825203,5.223564796887005,5,1
8,Low,29.255357748572663,42.063379322609755,6.437563556972086,3,1
2,High,22.910914677913603,81.61850485893527,3.8325832283895758,5,0
7,Medium,17.41537037700131,53.70135660903922,2.0475940487160056,5,0
2,Medium,15.297232160641625,62.08826325127361,4.520674036557045,0,0
4,Medium,39.58204488387403,68.0722551658861,7.264655967211279,1,1
7,Medium,13.365383681000083,22.366687462126052,6.817924903231626,4,0
3,Low,27.230875603805,29.902056147461504,4.129306691326121,1,0
2,Medium,35.56184139626095,29.23818965865508,5.6832725074847845,2,1
10,Medium,36.044949854426335,71.44434369697639,5.92031886972585,1,1
7,Low,18.983475978185602,43.89086776521543,7.2355071822345,5,0
1,Low,22.938151993742373,90.55163946649436,2.674126555699242,5,1
8,Low,20.998064989856275,50.06751949784518,3.3967576540555333,2,0
3,Medium,9.649812373341252,20.572523038369972,2.0,3,0
2,High,30.37517383020115,36.551649785896316,3.982386202482692,5,0
3,Low,25.38503645634809,52.34752726438655,6.5994583512032525,2,1
5,Low,39.40585080601879,60.30379728386958,4.160421260066479,5,1
8,Medium,16.76794902698577,30.303245438352526,3.037716605269541,4,0
10,Medium,35.886965586176956,61.369615436125414,5.339954626223148,5,1
7,Medium,36.59234150284205,66.71085514091914,5.378553255181032,0,1
7,Medium,25.470716868078874,37.18104800889339,3.4744258205729985,2,0
7,Medium,5.0,89.38314424118295,4.2409311392228,1,0
8,Medium,19.874323425557098,39.34681953298887,5.225864780968439,2,0
1,High,42.85871124304117,30.002438515689136,6.1189797450376835,3,1
4,High,27.970557714919096,19.415549705469182,4.026691319766422,5,1
6,Low,31.93399705871886,74.41281397384326,3.8105354799339883,2,0
9,Low,24.108334183650317,50.45765754691806,7.868832034147911,4,0
2,Low,22.765570901368715,40.41428021071221,4.588960653882833,2,0
1,Medium,6.326554313004937,20.517231291363455,5.374151456321082,4,0
10,High,32.94739217055307,42.21498152866073,5.972547434593444,5,1
2,Medium,35.79681204722377,97.62890775352223,2.3196709472781185,1,0
7,Low,15.491377145333118,10.0,4.972209557452241,5,0
3,Medium,23.211448784916925,37.366831979349,2.531425572989505,3,0
10,Medium,21.862587226457094,85.85567940084421,4.803833826848897,0,1
2,Low,29.20153293986286,74.97946094139046,7.059685852754733,1,1
7,Medium,19.55636418490905,38.58748663437437,3.502297509917084,1,0
2,Medium,34.31340923183002,54.07190193870612,2.500371215378265,0,0
3,Medium,25.71324316124489,59.25874809388819,7.8315286652998894,2,1
7,Low,5.0,52.67677163614535,3.2794142368967423,5,0
4,Low,29.427202751926433,85.68900419218352,2.7521315041595145,2,0
1,Medium,34.963509875907846,56.79508410915906,7.42854735408527,2,1
5,Low,13.479383397350613,72.71032581926076,3.220295117304268,5,0
9,Medium,29.087269349745743,53.63197538191231,7.467371314592937,3,1
8,Medium,43.2995966975421,10.0,5.411136242255981,1,1
9,Medium,26.120663751782388,26.15174493287033,6.925935615010156,4,0
10,High,36.41628864329489,30.302443013879504,5.279099504142876,0,1
9,Medium,20.5784502976348,45.01428285447988,6.619553547093136,1,0
7,Low,24.82035711542844,91.56828478028783,3.6223267661288494,2,0
4,Medium,22.953787120736546,57.24822925750903,4.0795958539649995,0,0
5,Medium,21.128795736524435,47.884237958704695,2.0,4,0
1,Medium,23.522779549169236,74.77115992311296,6.457672216636777,1,0
1,Low,8.693182190756826,20.962326489965033,5.629354014973026,1,0
3,High,21.691198656167035,40.20609659703523,3.489013062005867,3,0
8,Medium,38.37806455426785,37.253426921199186,2.3766469275231223,1,0
2,Low,15.363099431481666,57.960831189362764,5.422719722937715,1,0
4,Low,14.338667285266895,67.91672584707933,7.513931802158286,4,0
2,Low,25.61212371394755,59.429711040544596,4.793058616126515,4,1
5,High,26.111831433572444,59.74632966437824,4.0123309422174245,0,0
9,Low,28.774647190539863,42.777817615641084,3.594388579778048,2,0
1,Low,23.86261426815361,56.4151971623228,6.874023061649483,4,1
5,High,25.718641644583336,33.2032425843922,3.831128263384588,0,0
9,Medium,21.491152263710006,63.48277870015599,4.443231349973477,1,1
1,Low,12.242038447000358,39.98793990673359,6.562602361878168,0,0
9,Low,24.28608131689349,27.56980879399252,5.956222407254476,0,0
8,Low,32.24596996442464,50.7563887166417,4.500636005019982,0,0
4,Low,30.150546263523342,11.73767671310624,3.9515345881259822,5,0
10,Medium,7.557578730607126,79.48740143992015,7.1983674346180715,0,0
5,Low,27.519253633090827,65.94197993823397,3.3254454873410273,4,0
5,Low,16.072304741428308,56.739397004956054,4.684572222308924,5,0
6,Medium,38.92164005221382,17.52630509210499,2.7411852689865484,2,0
7,Medium,28.262697829283802,35.9961963385317,6.783300766905553,0,0
8,Medium,33.962839601306065,50.81116869743704,4.287671186175491,3,1
8,Medium,25.2116814441486,44.73790457949585,3.9505613019265162,1,0
2,Medium,24.339450011025228,16.22870069105055,5.992493698077091,1,0
9,Medium,39.95844917653247,23.671419889277175,2.861726943046789,5,0
7,Medium,34.72774396625016,44.33811206172843,5.953072071828261,1,0
4,Medium,26.178586522475477,24.33421202832335,4.459185811898741,1,0
4,High,23.00333573862602,77.42774647766524,3.1920511778297085,5,0
8,Low,7.928252744691303,59.89076718811665,3.5146055446072717,1,0
4,Medium,28.2456753487414,33.93071781521938,3.9736998506573937,0,0
6,Low,23.738960306802852,73.38309656031427,4.3339344868043925,2,0
5,Medium,30.53956047082276,69.3541317734738,3.2022108892381795,5,0
3,Medium,33.57818841534787,55.77916712773839,5.44177398435207,3,0
10,High,37.32921095047247,49.208275330720916,3.1629170240664974,5,1
2,Low,28.369929108944042,44.03052383540321,2.0,4,0
9,Medium,14.536395348717948,39.20122584436687,7.879429443196284,3,0
10,Medium,5.0,23.264161615842927,5.296891323648451,4,0
9,Medium,16.753001396432083,80.56657510195998,8.0,5,1
1,Medium,38.33488499505068,39.58973562457567,3.4345109749594247,4,0
10,Medium,43.23491469299441,50.56401219424666,5.719692071431997,3,1
3,Medium,22.620992482308246,31.795042873987622,6.34191304829489,0,0
8,Medium,10.390407457176487,44.8109896678134,4.7159806127401165,5,0
6,Medium,18.5158642499716,100.0,2.8333250366319787,5,0
5,Low,36.37805822697871,35.480041925095456,4.603278298666558,1,0
5,High,19.089868264728935,78.97191549083104,5.939595399644359,5,1
6,Medium,30.891239476675143,49.44388965692202,5.8823306748510475,5,1
7,High,26.685583012980352,63.59876926989291,4.997557081312915,0,1
1,Low,32.10003259037054,74.89160510792503,6.345931914757619,1,1
9,High,43.18010998947038,55.44534768811995,6.27512918223853,2,1
3,High,30.897814755343383,42.9658568723942,4.214498599910745,4,0
4,Medium,26.469162766379295,46.27818043435121,2.7193705177126892,3,0
10,Medium,44.28373565808919,46.95143036707324,5.285650862016183,2,1
1,Medium,28.495521016250613,87.28741113830826,3.88004365096939,1,0
10,High,17.070525026683995,20.317484456792187,5.215622901348936,0,0
3,Medium,31.874652897694855,14.585460844144144,7.018294780327849,3,0
2,Low,29.474555421329704,15.918941656044652,5.6562380238066465,4,0
2,Medium,21.920976577294002,32.12137132855154,6.944383563832594,5,0
1,High,19.824139475337265,64.00166154396724,3.482780298475144,5,0
8,High,22.01740512685092,65.22838584808395,6.631183608021038,2,0
3,High,19.68110642498243,37.84994717186585,7.5148968974775,4,1
3,Medium,22.34240181287108,49.430169446803205,5.096483010062038,1,0
6,Low,16.572033977581384,27.674027298243303,8.0,4,0
8,Low,28.86154688159816,29.52895425187264,3.7138531824070924,0,0
9,Low,28.112013139588193,61.597336780230904,4.041749195360822,2,0
9,Low,28.452017772294692,70.95368122216794,5.974903325642702,2,1
4,Medium,24.37630660563346,40.463623511397145,5.081698317245283,0,0
5,Low,23.223367439749378,82.70030241661607,3.8856390008281574,4,0
2,Medium,39.42005797653515,69.3121069757222,5.928656114923652,0,1
9,High,25.67405886837803,81.83451704511101,5.53331226999859,3,1
8,Medium,37.637668460554764,43.981238618101635,4.120584985201627,0,0
3,High,15.035840168336865,80.41372491265291,5.283577439066559,4,0
9,Medium,30.891778342013787,93.59085279951552,6.138538280946388,0,1
3,Low,17.65296963339984,41.74964933287961,4.087311820252232,1,0
9,Medium,19.438480717066657,46.916619232638276,5.775493714461332,5,0
2,Low,20.880941600724483,31.04562995187202,3.6994351587179795,0,0
10,Medium,20.254010313962215,27.115698076783445,3.989263428537729,5,0
9,Medium,20.30395343518149,27.348973174674104,6.6673809698304165,0,0
8,Low,37.17275089890565,33.770677364254155,5.920619439659646,4,0
9,Low,25.4541117311764,55.49475957971143,2.1697437378384143,3,0
5,Medium,27.250553892096093,34.61600921157297,4.438663062436199,3,0
2,High,20.428400364485505,54.883251091737364,5.73454516188974,5,0
8,Medium,33.56939303718109,55.29690302389905,5.208298425782507,4,1
6,Medium,28.550562782389196,40.59751212251243,5.927306367775929,4,1
8,Low,21.910713556502618,48.747257908613896,5.173972489673445,4,0
5,Medium,9.157161073733569,39.44175214627374,4.801103489781001,1,0
10,Medium,27.162964584018706,43.78520453447096,4.755256796244137,2,0
2,Medium,30.756795225354583,33.822740510715704,6.636768970391804,0,0
6,High,15.211521616766536,51.68209379565633,6.042409379645935,4,0
5,Medium,22.046053813008378,37.989082690803336,5.607115705618193,4,0
5,High,30.37160501460956,26.67868248124409,5.133249648351167,4,1
1,High,9.290719428782326,61.868577776970746,4.1767719629296725,3,0
2,Low,18.511478165901103,62.545824025709265,4.539869503757692,4,0
8,Medium,28.769089416264013,72.23397071288214,6.597006686655316,0,1
3,High,36.0501843885161,29.51205250791643,6.455753741804324,4,1
10,Low,46.85779812271167,40.381453865780266,4.02714135545685,0,1
3,Medium,44.5865476836709,54.60990810179446,5.149879771587352,1,1
8,High,26.437694823160093,39.95920246375479,5.7477009839210975,2,1
8,Medium,20.157731185180477,61.41823967615643,5.649776617109995,3,0
2,Low,34.23122267770886,59.95865774967872,5.638224024595147,0,1
8,Medium,19.56407076276343,59.58590712382133,3.331887772434896,5,0
1,Low,17.379047150543485,79.19334466608528,3.2427738671782844,1,0
6,Medium,21.947339476348994,62.88154148916899,6.75529211504197,2,0
8,Low,20.693266998228932,53.077822229628524,7.263537798337781,2,0
3,Medium,29.126306230658756,46.12929026806926,2.7777182914348146,2,0
8,Medium,18.97598377865639,47.52271783646368,4.9583597950330045,0,0
1,Medium,25.85122057297815,28.715796923198532,6.221076195999983,1,0
9,Medium,40.949534514053205,14.685796260999574,2.0,4,1
9,Medium,26.221407140740478,59.27512255462128,3.389993212881433,5,0
5,Medium,40.167422881217774,74.47265875126132,4.861704466809305,1,1
10,Low,37.02056601065949,43.397701533945266,4.104142015912676,1,1
4,Medium,30.92040236700633,81.74188318065194,5.313715251718323,1,1
6,Low,21.458472100614795,46.46975133837059,7.205723041525532,0,0
7,High,35.40507977349104,10.924560377739823,3.7208035587301502,5,0
5,Low,22.50025081361926,68.36498507459206,5.0754093369730615,0,0
10,Medium,24.97990344973039,40.414235255237095,4.482805815508725,5,1
9,Medium,28.30198674165594,70.17557355040027,5.204547962109709,5,1
3,Medium,24.946325276065185,24.449450321367202,5.0087001786741405,0,0
7,Low,17.79732281589463,58.240883242953004,8.0,5,0
10,Medium,9.729010850171306,33.99077832911375,7.23436618827137,1,0
10,Medium,34.59132930325479,54.02809733124711,2.628596719044152,0,0
5,Medium,30.703421268063607,65.33213389150713,3.6497978555412374,5,0
7,Medium,7.793890075036579,60.688020025877705,3.833214112687079,2,0
2,Medium,17.53212650463143,51.38735666060185,3.148586773808298,0,0
4,Medium,26.790654292733844,22.430817875755544,2.947455528816298,3,0
2,Medium,29.42572353560568,64.60688361103531,4.7324503629578265,0,0
7,Medium,9.815463410329084,70.628608759912,3.890468653982538,0,0
2,Medium,24.107613334575785,29.14005951686915,3.6638095003010527,0,0
1,Low,30.396545952539643,32.07941571388,8.0,5,0
9,Low,21.4848819810072,71.47114716065823,3.9936835688604795,0,0
1,Low,27.558296484343938,45.83116874861467,4.335248408280198,3,1
8,Low,20.124481179555232,32.59773325188837,6.112184730488923,4,0
2,Medium,34.09196351699522,55.45108827038546,4.33020729188838,0,0
8,Medium,17.007142861337286,37.22951224091163,3.251489734322446,2,0
3,Low,13.579217609056201,53.22084262811963,4.613090444222404,3,0
6,High,25.289268640615507,41.73586658307304,8.0,4,0
3,Low,10.664740277115044,43.44978359838911,4.277836864602613,5,0
7,Medium,5.0,72.20794767714904,3.632349896255225,0,0
10,Medium,35.83735298054013,10.0,5.630345496273532,4,1
9,Medium,15.157755184391812,61.09501508870488,4.541128268510044,2,0
2,Low,11.663484174161873,68.90901556532987,8.0,3,0
5,Medium,16.882412230503917,37.560117176446894,3.819654572410099,3,0
6,Medium,16.433493685892046,68.75530708726302,7.600596080315075,5,0
4,High,23.57888538836456,30.81952066318352,6.7450843248335675,5,0
4,Medium,14.065132663140332,36.800329086727444,4.427982045317159,5,0
4,High,29.98186142256155,34.4966591281793,4.994727058015405,4,0
2,Low,31.462341311577152,69.02584327205169,3.4551802121832322,0,1
4,Medium,12.250085493844647,15.101046266643337,4.192337705565482,1,0
1,Medium,18.819033770516125,82.80294452051149,4.417331255596498,3,1
6,Medium,19.76942759961414,43.901228677722216,5.236780296515684,1,0
1,Low,23.34992638633658,62.29824308314711,2.880979811038906,3,0
10,Medium,35.82683516983682,60.57415842727462,5.467227005504438,5,1
6,Medium,36.403134150026084,53.02463576413038,4.781197368055027,0,1
1,Medium,49.988673861657865,37.986278770448806,5.597161701519249,0,1
6,Medium,5.0,74.84745125855709,5.820959963366538,3,0
10,High,15.75704276848371,39.702974685577914,4.661096834216322,4,1
8,Low,43.14009181074984,35.375026845581914,5.732296665336929,5,1
2,High,6.992996822231653,67.55420567047065,4.869235757861103,0,0
2,High,42.91265064170706,52.914992390737396,6.115209484142098,0,1
4,High,26.473512731432447,77.15643150232401,5.4741887245395855,2,1
3,Medium,26.841327730225444,48.74665817089,5.271562251719063,0,0
4,Medium,12.202020138805295,36.98249254608507,4.846331035798901,2,0
7,High,20.488367799957032,55.49486946047797,6.9437238694250185,0,0
1,Low,42.473763597099065,41.04765687825193,5.607777843942534,0,0
6,Medium,24.52316864758773,37.561549773885886,3.0178062905021017,4,0
3,Medium,20.55500971789795,66.63776387311748,4.292073846104179,4,1
10,Medium,29.05719196379236,86.63110134550055,4.6571227875097465,5,1
7,Low,23.07782399697343,45.07076416163019,4.9983152595412905,0,0
10,Medium,28.45151149806441,30.505176274281386,5.26506102683976,5,0
2,High,16.50258667840079,46.93087300200362,3.5836749285847826,5,0
2,Low,24.228473513918946,60.29602459791847,4.898003209377612,5,1
4,High,18.589237345592814,55.14959056954941,4.5288179791176955,5,0
1,Low,6.960333593053225,73.88463388943424,6.62711636413094,3,0
3,Medium,29.819577872476852,63.301796765514,3.5073825360180857,3,0
9,Low,12.662271584444444,27.93181063780182,4.973932099987751,0,0
7,Low,23.35259069895898,40.1336329871845,3.97192233148931,3,0
7,High,34.260682458279106,22.383317600493488,7.79449387327969,0,1
4,Medium,10.0218654345957,72.89358691260375,6.884920403980221,4,0
2,Medium,31.046840969496017,10.162254694571985,2.536463126914103,1,0
4,Low,22.001865430313373,24.333353387553753,3.805679472371393,2,0
6,Medium,15.33476599072936,39.76395067989654,6.30638493810158,3,0
3,Medium,45.229232888860686,61.278348062096335,5.685924572064803,3,1
1,Medium,24.994437042451647,39.566931725886974,5.6388976739694705,4,0
8,Medium,19.319071104232588,42.69541172571016,5.286279058639384,3,1
5,High,17.197870776335982,43.089442534545995,6.4267998276018705,0,0
5,Medium,33.81162468436696,53.45565244716492,6.171464906596189,0,0
4,Medium,18.879437735365883,25.589769294599964,4.564165790420749,1,0
6,Low,32.56518098541026,31.05645903903906,3.2011122501096096,1,0
3,Medium,24.975201688768394,83.61847397591782,2.4649021082102793,1,0
9,Medium,36.16188064433848,58.04798194394023,4.844541912144349,0,0
5,Medium,14.57460552517116,65.21564343705691,2.2401475036343594,5,0
3,Low,15.969367609039955,51.160570629104335,5.376495085513114,5,0
1,High,22.189946859699315,47.1943950351452,4.537952692823885,1,0
10,Low,23.01933502475224,59.14261892190561,7.915866554692158,1,0
6,Medium,21.454429713029896,64.55227367352266,5.51469390873846,0,0
2,Medium,50.0,66.92151349383438,4.956162230656522,4,1
3,Low,45.63247004351908,47.46880880361319,2.5757454204045063,3,0
1,Medium,27.99055074821043,69.10753112556642,3.1065183720259935,2,0
9,Medium,29.169720740504577,10.0,6.022031213399403,5,0
8,High,22.63567819920419,67.84574019450243,4.5303550085164,5,1
2,High,14.501744664818691,41.46188086512396,8.0,0,0
8,High,23.179277594447477,61.06764892603394,4.875423057747108,0,0
9,Low,32.71117751462054,37.01344548608273,5.253383420208131,2,1
1,Medium,38.05626761568009,23.466109398444452,3.024654527783108,2,0
5,Medium,34.957084205227055,56.794080626333354,6.421147348272973,1,1
8,High,9.902257068457885,19.969389533576013,3.6114186688763352,2,0
2,Medium,22.10772321846287,42.006451435545856,5.786618122866031,3,0
4,High,10.311324351340076,33.75140617791695,6.217689971255943,3,0
7,Medium,36.68843557402719,46.49934923413047,5.14278988860204,5,1
3,Medium,20.876156051996674,65.94418239194545,7.635456403455954,3,1
5,Low,24.52889884368967,40.20309429091018,4.083945392524625,3,0
8,Medium,29.800502680050016,56.29155094825224,7.513310319682322,3,1
10,Medium,50.0,64.78692076454176,3.093580972100147,1,1
3,Medium,27.68274939789526,37.854898984124254,6.198542737819453,5,0
4,Medium,22.61728962193748,38.144929425617946,4.786379778062815,0,0
9,Medium,12.5895787879636,77.38657804400421,3.9378011133300976,5,0
7,Low,39.58639448503105,48.412227204441855,2.5080818769019757,5,0
1,Medium,23.183635357029246,60.1827758626375,4.608996284124782,5,0
4,Medium,41.57142464927699,60.03122184718448,4.514277379728942,2,1
4,Medium,36.056131129487234,26.04024787844044,5.259359334431688,0,0
9,Low,20.370438973915284,34.7824824765601,6.087222464466109,2,0
6,Low,11.077238191440957,57.5069472708004,3.7873007403419825,1,0
9,Low,27.72569117203607,10.0,7.6374015217558995,1,0
6,Medium,18.850964712283982,45.774047659231506,4.192197931541573,4,0
6,Low,25.393458424563057,32.69432255214435,5.9032909685411,4,1
5,Medium,35.49049606854338,72.21012283953307,5.135251074894925,1,1
5,High,8.464178843751665,56.922309063098986,4.7019354295166265,1,0
2,Low,27.646138440682137,73.82492594781354,5.060085773397548,2,0
8,Medium,32.59596190885737,49.217507328932946,3.5895687227440938,1,0
8,Medium,33.08110561756063,47.72221614465955,4.418650801141353,0,0
1,High,11.36457828812577,43.9014096184087,2.990367120055776,2,0
8,Medium,29.19336469773964,39.938612008898154,4.176094495819595,1,1
5,Medium,37.035365819066925,100.0,4.299999609473092,2,1
2,High,28.432337984000757,66.14339031586445,6.267832044157014,2,0
2,Medium,23.843057938914633,28.67622908126435,4.502112209979416,3,0
6,High,36.39612940573444,100.0,4.327877564393941,4,1
9,Low,18.056811895611702,41.90040129995454,5.3300602499810585,2,0
1,High,9.701670917967299,56.42304000353712,5.271278913983845,5,0
6,Medium,22.994021850690686,68.79194743743732,4.113438993027567,2,1
9,Medium,30.350451917039987,19.240921458549984,5.591342588778197,5,1
8,Low,35.38936761436433,33.453463967018024,4.732029203482918,3,1
6,Medium,30.305025741679323,82.9632964914138,4.11100504901749,1,0
3,Low,33.35821068724858,45.50342673327209,4.256781753591509,2,1
8,High,35.4531143010396,69.97340233521744,6.424026034027914,3,1
9,High,21.606229937018895,40.93063118707309,4.301858010110664,0,0
1,Low,23.5206069809241,48.09880789026317,5.391688004759215,3,0
9,High,37.87167793149875,85.70513732153,3.0763996034293046,4,1
6,Medium,12.898429757693126,58.75024484596045,6.67295749758839,4,0
6,Medium,29.29132861522295,43.103044661380025,4.125508588762264,1,0
4,Medium,17.832911710829787,36.33273078394304,5.600434245115831,5,1
1,Low,36.002616032309696,38.16249215173593,4.622647807995355,1,0
10,Low,24.820645194248602,74.83120061474182,5.583251236688688,5,1
8,Medium,25.07593935378124,65.3099661727784,5.665160330547039,5,1
2,High,42.28879887396686,27.026467358528173,4.783005109684844,5,1
1,Low,14.239572205513538,51.743571137414065,2.2010531775585958,5,0
2,High,27.15819473218603,48.66367056387989,6.636522664112361,4,0
1,Medium,23.19873868902179,56.32185539136588,4.7901460065487464,4,0
1,Medium,30.32411316043031,37.9285776171726,5.552009010761099,2,0
9,Medium,44.293307866889464,71.95611223298847,6.037578034862403,4,1
1,High,18.947584900748176,49.9732144542795,4.314238779285456,1,1
4,Medium,13.02602287645955,57.46873035170819,5.7757031849066935,4,0
10,Medium,16.906725743179937,34.30619551771368,3.878596858813639,1,0
6,Medium,22.671819177790812,35.31373724658876,5.581314284717822,0,0
7,Low,25.64230833703327,100.0,5.029554145216807,4,1
2,Low,26.145287957865822,86.00159904853366,4.366257284749315,1,0
6,Medium,43.02660951175434,48.606376742341766,5.070488255469497,5,1
7,Medium,41.24839044654841,80.6600790145388,3.417209789905772,3,1
10,Medium,38.0294648906696,74.25475028524859,5.4635598915108465,5,1
10,Medium,50.0,37.49577941901721,5.619233118534228,2,1
2,Medium,33.24098456662631,35.501335971957296,5.518460209856172,1,0
2,Medium,36.0835508351264,63.37353250702634,7.253256241311474,5,1
10,Medium,33.047705218937665,55.20121276225644,4.857539428842476,4,1
7,High,31.409053137937867,41.959907673225594,4.9608159918081425,4,1
1,Medium,28.943965241828415,64.42453087497475,3.2445958983174505,0,0
8,Medium,21.031429550846795,21.150341488141066,7.358704237314358,3,0
3,Low,12.532217521621353,52.30003055704914,2.75278490729824,1,0
6,Medium,23.693460310378867,25.221526928744883,5.342845410049816,5,0
9,Medium,30.657736996720633,25.880173129498743,4.077828389437123,3,1
6,Medium,25.7226190097399,35.86470420695187,5.093474919011959,0,0
9,Medium,14.346643058807441,57.26574552687977,3.037911091810112,2,0
7,High,23.341169500166217,36.49525982230739,6.337495204656317,3,0
9,Low,22.81997191416862,25.637827840992365,3.56723060255069,0,0
2,Medium,24.376453580312198,59.54498405353893,6.74937966964923,1,1
8,Medium,29.909153489266593,79.85494088882072,3.608584322215565,2,0
8,Low,32.062580369103024,62.77700868404025,6.462818628656608,4,1
2,Low,19.999485490254475,86.03597449187292,3.7535526854164782,0,0
4,Medium,34.81121188012514,78.18356787205175,4.078085433102238,4,1
7,Low,36.316381196683125,40.25143574980129,4.99723086745382,2,1
4,Low,28.203019330485454,62.64319638728221,3.7281099447743262,0,0
4,Low,31.64750271953068,48.16738412889686,3.683936323129938,0,0
6,Medium,34.84231442461949,71.24199562396117,3.7454880455021673,2,0
10,Medium,14.023553504205285,48.16376885472859,5.4782833769089105,1,0
6,Medium,35.547313349817955,34.22606981581467,4.999325901976608,0,0
10,High,17.09939127402047,77.46811884700509,5.078946841840468,2,1
3,Medium,18.072983633716213,56.35591101446739,4.513050718458685,3,0
9,Medium,26.96289167814761,36.729406573815375,5.823049849791004,4,0
10,High,5.0,40.02547399852354,6.575087046680934,0,0
2,Medium,26.756203082257603,36.601587111230316,5.863425596301839,3,0
6,Medium,34.81780946955803,29.965051345805676,4.686542673126006,0,1
7,Medium,8.540761535539833,40.44969315512898,3.1688223744885122,1,0
9,Low,35.89009324546451,57.46042427462413,2.034378950473883,2,0
3,Medium,18.01212381472545,51.2812134037236,4.902702724440358,0,0
10,Medium,27.068617804928007,41.23566127235682,2.0102128806626713,2,0
3,Medium,19.46425492994538,79.91014937594448,4.701041999996641,5,1
7,Low,30.729184841290458,10.0,7.103934798209856,0,0
4,High,35.24947556163764,56.12271830311421,3.269794924053187,1,0
8,Medium,31.470103643824977,47.144814903648125,3.0708395779791338,1,0
7,Medium,24.960188505062998,30.596375404070393,5.955401344121334,3,0
5,High,20.24144663406575,57.28908691575435,2.0,1,0
7,Medium,24.306979706288868,45.6050357527769,5.572712210593175,2,0
3,High,31.559714649596415,74.94146932427788,7.202763913591239,5,1
2,Medium,31.902663991729188,67.36130484822932,3.691272635907485,1,0
6,Low,30.508265821761224,88.12261472747971,3.4336403793231747,0,0
2,Medium,12.174224584429556,40.33364138972015,5.885034946399295,1,0
3,Medium,24.7697754156459,77.93108979495031,3.2438843338606675,5,0
6,Medium,18.665710358028484,26.682904639691575,6.21622808560169,2,0
5,High,31.649290199058278,47.78727001448842,3.3660351076267006,0,0
8,Medium,17.350282466214033,40.69505894731457,7.652603503001628,3,0
9,Medium,29.520537580842248,62.04890825818818,5.993458468592344,3,1
3,High,22.178122391854703,61.56551596487105,5.057065715284699,3,1
10,Medium,6.209038167342587,31.98760813544057,7.566132414638532,0,0
3,Medium,34.309592858879974,63.16384347968833,6.547315561777552,3,1
3,High,24.747127781360422,42.39021834312216,5.552925165414966,1,0
6,Low,37.75977295765692,33.66405280096612,2.2051700993922774,0,0
1,Medium,8.346909213223629,49.76437275715345,3.94775893839592,0,0
7,High,22.08478689082504,20.46311677274964,6.62811438330576,0,0
1,Medium,22.835955790401353,68.62612699977544,3.049810935188599,4,0
5,Medium,27.702062912383116,48.887583791165596,3.8514150900459425,2,0
10,Medium,11.748126958430007,49.32508756403919,3.4668533187400836,4,0
8,Medium,30.44037856773779,48.25666745826986,5.603535239481864,4,1
4,High,44.11662406281033,82.93700173383567,6.445417716294321,4,1
5,Low,29.745373464655316,80.37755377659641,6.446898377886856,2,1
4,Low,25.928724018235123,77.01522186798374,3.7207709058916043,4,0
4,Low,11.225425929746265,48.29916711482324,5.582987783553021,3,0
8,Medium,17.257538864429748,27.687501750201253,3.6501760744314558,0,0
2,Medium,24.44155099177227,49.68041114232172,4.68417725039295,0,0
1,High,19.702235291571707,56.28800841454364,5.780252148419025,1,0
3,Medium,35.262564262709844,66.25220607786555,6.5920630049437765,5,1
9,Medium,30.33703200968638,56.22365482200487,2.0,3,0
4,Low,50.0,29.470114476208273,5.1479520371127485,2,1
10,Medium,15.191415635757085,39.29169059319561,7.1109399552949135,5,0
5,Medium,25.331146113917328,37.47726937502156,5.348329144513051,0,0
2,Low,11.165076274657089,60.78106100811642,5.1239199091899685,4,0
4,Low,5.0,61.271949064799344,4.155489272779447,1,0
2,Low,32.227209794531525,63.89263776161741,7.07112945167942,1,1
2,Low,29.966153829673562,56.02071709344706,4.2248238571830905,0,0
4,Medium,16.4540956535421,10.0,4.849775914326008,3,0
6,Low,25.930296195934236,15.482806434503821,4.294680232202406,5,0
7,Medium,18.707324010744554,47.196247373207164,5.162293262772446,1,0
10,High,20.05792545156724,51.96155840932785,7.138477998572294,0,1
3,Medium,21.797153872337258,75.07331174305956,3.6408402041350056,3,0
3,High,16.03434822595722,51.555902959900635,5.168829896377799,0,0
10,Medium,17.833500901800434,30.48101338280706,5.586596750323713,0,0
6,Medium,18.11564556055746,63.24329615554737,3.781501797545979,3,0
3,High,29.228788467533306,49.654966142715146,4.91147621583392,3,1
2,Low,5.0,41.9589042893193,7.777010179236617,3,0
8,High,22.72370738515197,17.708011840597806,2.3472660081680727,0,0
5,Low,14.123181234623267,51.703740162224655,4.368198892763897,1,0
1,Medium,14.484473137747194,54.57635821958921,5.375839260395138,2,0
3,Low,19.74346625916275,30.077073917879005,4.436085546001616,2,0
10,Medium,24.85660290026842,64.88715576412551,8.0,0,0
8,Medium,22.855881382933067,63.095935973019664,5.823036104721939,0,0
4,Medium,14.359394902017957,50.978251647859516,3.4334462557107863,1,0
7,Medium,32.216965184455766,50.23445715884082,2.0,3,1
10,Medium,15.973960131395094,68.92075493328497,5.51041379412778,0,0
2,Low,17.65293744073882,57.35060737562063,3.8665713142886915,4,0
7,Medium,27.844917858945166,35.95489102103279,6.93334775941798,3,0
5,High,28.203685642927418,46.047034327997046,4.587701655634424,0,1
5,Medium,18.883003388670215,61.13698803872158,4.147472538995705,4,0
6,High,5.0,10.0,4.122129264282523,5,0
9,High,16.145091134121518,31.36947902420743,6.479763760743918,1,0
6,Medium,26.618881862402564,63.6427533267795,5.623374559750946,4,1
8,Medium,31.8860805369003,74.17755208432226,7.633935085686317,0,1
7,Low,24.207033424715533,70.42097480536025,4.677339325695217,2,0
9,Low,20.210139529243847,67.86586624495561,6.293419118079549,0,1
4,Low,47.93211005699324,52.59487725342883,6.319064126617469,2,1
2,Medium,21.275138784946456,29.42193180624621,6.0107201795953396,1,0
7,Medium,31.122326867911056,46.067532308535306,4.235213271430037,1,1
6,Medium,11.64947904573104,10.134618987616307,5.710112045068682,3,0
1,Medium,14.09832150791033,76.01312172421507,4.854136339903998,3,0
9,Medium,31.473256114622245,33.65774395051382,4.814725593362686,2,0
9,Medium,35.44561275785371,39.33308479953594,3.7912845624721014,2,0
2,Medium,21.10283109806596,71.17238105281153,2.0,1,0
3,Low,6.513643083694795,17.707460857809117,6.872564546297277,4,0
5,Low,23.324426605987746,26.21194751949137,5.6473375539289705,2,0
5,Medium,26.894059007795615,55.359426876502695,2.9852026704846106,2,0
1,Medium,25.988180389288242,60.40760830134957,6.076565690821972,4,0
8,Medium,19.36610335038995,48.565984096516814,6.902203239485363,3,0
8,Medium,23.471158807390616,49.21833774128184,6.166501170074243,3,1
4,Medium,17.502231557158943,75.3675590778889,3.6625427317506043,2,0
7,Low,13.8816177626314,62.72636890121302,3.902012161196304,3,0
10,Low,32.556685206468046,60.02339869055092,4.178185977728828,3,1
3,Medium,25.977983134027106,65.51292985587486,6.291627209305717,5,0
6,Medium,23.493164413776704,43.98819450622764,5.718439788752015,3,0
10,Medium,19.928522572278386,93.46331328286041,8.0,1,0
10,High,23.1982644346492,10.0,2.538672407423176,0,0
9,Medium,26.603164287869966,79.15842048237563,4.921102495147003,2,1
1,Medium,42.286815758143064,68.04215037486219,2.1083671109852022,2,1
5,Medium,31.54536849827144,54.965765031017085,5.894971857101771,1,1
4,Medium,18.33690878050914,51.60057915204223,6.600341927970885,0,0
8,Medium,18.44236257294309,46.88893405725788,7.163159175152215,0,0
1,Medium,16.883188996754043,72.06887175926818,5.282783139297184,1,0
9,Medium,22.994794687470257,49.20271052000232,2.1300359436084055,4,0
6,Low,16.875485497591153,35.442305209538254,4.924777143790627,4,0
4,Medium,29.74823744989626,68.03965770643364,5.655184841036538,0,1
9,High,5.0,81.69532468119715,3.4922806179737798,4,0
5,High,30.351683092747443,11.456617538424936,4.602532004716338,4,0
5,Medium,27.753774878054305,97.14183661540639,3.0844255481059295,4,1
5,Medium,37.6274248314764,29.26537404940717,4.080943205963207,0,1
1,Medium,33.76789554553953,30.794034469692946,6.368699854104969,4,1
1,Medium,18.163022147459465,25.102205610147745,6.020244420186938,2,0
8,Low,32.64298080938507,50.016981049292504,2.907170735845338,5,0
8,Medium,23.319325227856993,24.40563430062732,3.942522278542902,0,0
6,Medium,5.656932425557301,26.834798722982285,5.085637977163611,1,0
4,High,26.58831939728892,36.22899904832766,5.339786477821808,4,0
2,Medium,18.75746579429305,52.769113503886786,4.005656365181084,3,0
2,Medium,25.00221516397,54.69707197935023,5.7146861799823885,0,0
9,Medium,41.514498302752436,74.8239455882017,4.947076669227855,1,1
5,Medium,27.247869027321585,74.36297546389827,2.0,5,0
4,Medium,14.826651488100037,70.49222628195207,4.142494509084949,2,0
10,Low,34.64415005616203,44.76765657868549,4.099661404834143,1,0
1,Medium,28.625425701364385,13.176364440068241,6.017410550584614,4,0
7,High,13.648381709680917,12.733712033920114,6.044088855767072,3,0
3,Medium,8.93762232525344,70.35459752219626,2.4918458436081803,4,0
6,Low,15.226624407812793,66.8750894341474,5.657707635494852,1,0
5,Medium,33.36301800671722,37.66591075111907,4.889054231898962,0,1
5,High,21.983978663569538,21.18527497405117,5.189636612187105,3,0
5,Low,25.811425189554107,29.056979536618172,4.079259471959404,3,0
1,Medium,11.614703292238314,53.49388604399055,4.9072551158484785,1,0
1,High,33.63218979017424,53.53121999709874,6.72549023386751,5,0
3,Medium,5.0,70.85062546254,5.168278638637138,5,0
10,High,18.44622483932315,40.99291085585008,4.936359941573159,4,0
4,Medium,29.18463859113794,45.11927942996715,4.281194938705676,1,0
5,Medium,13.773685549606547,72.50642611932878,6.578383900615945,3,0
2,Medium,31.14129279450443,10.0,3.078818274999185,1,0
8,Low,16.308060214483977,56.34905893834053,3.7970455973256234,3,0
2,Low,12.73929407183693,43.315424427361286,2.9926829273219187,4,0
9,Medium,37.86482064644474,64.25519557907487,5.301027762575249,0,1
2,Low,26.53930193099005,60.252132057226845,6.769621409623166,0,0
9,Medium,30.190360780496263,36.073807112206694,4.506806873645828,1,0
7,High,35.182095845526966,39.853302870420364,3.3958916978377087,3,0
8,High,5.0,10.0,7.454669725557457,0,0
2,Medium,31.347826399703195,64.9998299652364,5.676924599972599,3,1
7,High,17.38974815505653,54.79547640129261,5.416286215451418,4,0
6,Medium,18.707272092260858,77.97024710903426,4.714714036740498,1,0
4,Medium,29.374410776655864,42.01199927678906,6.003521257786222,3,1
7,Low,21.369592265905474,68.28671195296052,5.392783346418005,1,0
4,Medium,30.945210754565203,28.601479088717213,4.278097357430929,3,1
2,Medium,24.591570324839182,10.0,4.529296059780709,5,0
10,Medium,26.68209014684057,48.10972119264464,3.470169798480449,5,0
7,Medium,20.097784079847106,38.66636489893949,3.283152218708754,3,0
8,Low,14.350667108418618,28.983571484305596,4.555021707354751,4,0
2,Medium,17.59682429252495,67.96210786973234,6.731322338437211,1,0
5,High,23.971758695200556,74.16493347087115,3.4487551817579876,2,0
1,Medium,43.37238392774539,52.10842558731722,6.254555043886115,3,1
7,High,39.71906399113542,46.34961860763669,3.801597719514801,3,0
8,High,18.46704022140605,51.25416747805045,2.3200953909534516,5,0
6,High,25.602576773324753,36.94147512197345,5.819899637883614,0,0
5,High,22.122770260539525,61.25191896856805,7.443152131362174,5,0
6,High,26.302666188690242,19.21256027677122,3.7163973795979577,1,0
2,Medium,27.58912747542776,28.538437431396147,2.64519363664976,5,0
1,Low,30.275150157556013,34.174776973863956,5.6823721266200335,2,0
7,Medium,5.0,60.82710861963058,3.6152387067920073,4,0
7,Medium,28.6649866588694,43.95020285913513,5.804969867706392,2,0
10,Medium,21.01078970783353,77.20780789406146,6.727219391305763,4,0
10,Medium,17.950620857683962,66.06619512757018,5.495926243404403,2,0
2,High,32.9425667816207,33.97813648875309,6.214652462518206,5,1
2,High,39.668244164047685,62.6693158079724,6.224918230452051,2,1
1,High,31.89003144041407,41.83585943695963,6.484920068267945,5,1
10,Medium,19.814483927889054,59.46360990047926,5.067816151336221,5,0
8,Low,14.239943498610895,67.03544327185946,6.168614641090482,1,0
8,Low,5.0,72.29429203625433,5.2466026192344675,5,0
1,Medium,26.825159965813558,54.040431396758336,5.586980257902839,0,0
8,Low,30.790161077944365,82.00247372960436,8.0,2,1
9,Low,23.9813648990197,58.82628712122544,5.362400785378499,3,1
4,High,34.33746208837992,52.701043189152614,2.753360100794951,3,0
1,Medium,11.798097641675076,43.949712246801276,4.703871233723538,3,0
1,Medium,23.287610435449512,37.37381959623265,4.5342113665365895,0,0
3,Low,22.4969904041211,58.39767452123411,4.602809597368079,5,0
5,Medium,23.89891315743934,52.015152739599685,6.430163639379448,2,0
5,Low,36.67931662953907,55.216512012687794,6.695887096496044,4,1
9,High,23.951577759012373,59.61491655112584,4.841547135953904,4,1
10,Medium,22.052075492274707,55.132029562860964,2.9121884772216173,1,0
2,Medium,15.633065201894688,90.26590813855702,5.148643362774662,0,0
2,Medium,38.285794714214596,39.44070231643724,4.1849168868565,2,1
6,Low,10.688037774213727,58.64586688239412,5.315607070956979,5,0
9,Medium,19.470005671525875,45.446135683025176,4.818557161715133,3,0
1,Medium,41.93937067097493,10.0,6.824536427601629,0,0
9,Medium,29.682432980715348,46.1305435426311,5.412212069695847,0,1
9,Low,24.7982334829873,31.27005888162919,4.189712533667757,2,0
9,Medium,25.216920555262842,48.66355082319172,2.9217016289242292,5,0
5,Medium,15.536220126421822,49.471949573365904,4.927978754152415,1,0
9,High,24.314727551424753,57.70715775878675,4.933343969080671,5,1
4,Medium,21.50134161004207,39.39641249367662,4.606308876944501,1,0
2,Medium,26.79628599455004,41.89814168526118,6.162985627105348,1,0
6,Medium,9.937586143736914,64.01387305619897,2.9258322634436333,3,0
4,Medium,28.978520077693194,33.818829410377546,3.8561839046906305,3,0
6,Medium,35.16629674886309,13.230940185814156,5.079376399229202,2,0
3,Medium,22.961768748794263,53.140627138529624,4.160737671567539,5,1
6,Medium,31.470983933058072,71.41697495136489,4.46493614273538,1,1
2,High,28.10346274844577,63.78360951293772,4.909622948203739,2,1
2,Medium,18.92259859833944,53.50968391060607,6.02894740012044,1,0
9,High,14.414743135428852,75.01290686697556,4.849139519675408,0,0
7,Medium,15.816115112793414,71.64034478329832,2.0454733154722757,4,0
3,High,27.92892569154715,43.381709445418785,4.09580448647343,4,0
1,High,24.438548680147957,54.95043456674139,5.743676412950119,1,0
8,Medium,37.750930218816976,55.809204452728814,6.1440104581498325,2,1
6,High,32.90870112203894,48.26498742514861,6.2267868172641565,3,1
7,Low,32.887849831273016,72.68495141747756,6.651766504943094,5,1
9,High,27.630808017122224,46.957191332064575,5.1776559156349835,1,0
5,Medium,15.378010506783355,39.994422179900084,5.39474747130447,1,0
1,Low,28.253392959749917,10.0,3.479137180610627,5,0
10,Medium,25.63853165028223,34.03392235252577,2.0,3,0
7,High,13.61618611444252,23.691641823931356,2.8736261246331525,1,0
5,Low,37.099492585587114,49.19207697467129,3.9472436724643423,0,0
3,Medium,36.02289374929152,24.92621499074491,2.9604431730037843,3,0
9,Medium,13.558508555829397,62.17369483337802,4.560609589909785,0,0
1,High,18.622050948834715,72.16875216428078,4.3068676090381155,4,0
1,Medium,19.500497805595234,49.3768648282376,6.406740520853086,5,0
1,Low,31.098515437996152,30.319645674725166,3.5462952683181976,3,0
3,Low,29.947251804539963,55.72800752363067,5.210872875775931,3,1
6,Medium,25.444072127863564,87.86950116176055,4.370348459874739,2,1
10,Medium,27.738572803991254,81.64961258649122,3.490132150509697,2,1
3,High,12.123678035544664,21.87842613525154,3.908432819047856,5,0
8,Low,28.813612813584527,21.136375530635235,2.0,3,0
10,Medium,23.991146244539294,16.00927120400104,6.12252024034045,4,0
2,Low,18.209568174414105,27.260410924993575,7.103391880622037,1,0
9,Low,9.67493726069681,55.0318493753726,4.598800824438324,5,0
3,Medium,25.26961156186352,38.8661144966015,5.043593131091467,5,1
5,Medium,28.569598962178098,33.22659928230782,4.556213239391211,2,0
10,Medium,7.975181982934124,70.78219535032903,3.7698630777049043,4,0
8,High,25.184860706564297,60.60186238175253,6.057354290316315,5,1
2,Medium,26.222397518484954,15.905947456923762,5.478602487727422,4,0
6,High,19.457704568523393,69.63449348419272,2.0,5,0
5,High,28.798382023951742,60.12069444924077,3.4480838788863264,2,0
10,Medium,23.673375837226803,60.56526516060745,2.0,1,0
9,High,27.831710053363636,38.59051952138863,7.333121518082875,2,1
5,Medium,30.34246932875056,46.25391640410219,4.742256841331391,5,1
2,Low,30.348069061505235,10.545569436057662,5.361052342544419,4,0
5,Medium,35.168204934465024,67.3397334506925,4.470057297379665,0,1
4,Low,28.3832518878458,30.021459773973692,6.6540450894351295,2,0
7,Medium,20.229592592231793,32.58741937812112,6.291057758891651,4,0
6,Medium,18.522099552468028,32.31717411280566,4.6767812254692265,2,0
2,Low,14.366912471313775,86.00802233807639,7.576989583512837,5,0
5,Low,26.51179643112906,36.62591870475426,5.277977213349311,4,0
7,High,38.213117146525235,68.84520547087446,2.8098123872917675,1,1
7,Medium,21.415473940128496,49.520157902344366,5.15002810627034,4,0
5,Low,29.4960824770996,33.417805731290414,5.776160986589429,3,0
9,Medium,17.477199954848395,29.79199893440605,4.800162871177589,0,0
4,Medium,26.948049151606345,37.42287825032017,4.382775432135556,5,0
3,Medium,37.593471280744396,48.51077186448252,7.646541974344954,4,1
4,High,31.862479733319425,62.03474212776349,3.2212063119270073,5,0
5,Medium,9.29187966860843,40.58016641019168,2.0,2,0
6,Medium,30.706948160355445,39.83176516439361,7.428581046394767,2,1
3,High,31.16225778793552,32.37689710195852,3.1609289058655285,4,0
2,High,26.734869732270887,26.119157170795543,4.570072942252679,3,0
4,Low,31.675221127023413,24.446179604954757,4.433851767406626,4,0
5,Low,16.664979602824616,69.76057835879202,6.84762273604778,1,0
4,Low,25.63263154804086,39.42321830758256,7.152284569440302,3,0
3,Medium,36.10173940938102,41.194482008884684,3.061436818842211,5,0
8,Medium,35.199494834663675,36.66774834038296,7.035364442278101,4,1
10,Medium,30.48044974005971,43.66287420144753,7.007615474324272,5,1
4,High,16.170047764991168,57.42148348646868,5.029032411387456,0,0
2,Medium,14.595362293807215,40.26238357660756,6.398813832979787,3,0
2,Low,26.145436744433542,53.614797748611416,6.549244930917134,4,1
1,Medium,26.807742387258404,78.3641697899528,4.621358223161151,0,0
4,Medium,23.996282277227433,33.60671967625588,4.763650163674518,4,0
10,Medium,16.952150218033474,41.210634600195824,5.883992070611633,1,0
9,Medium,29.369610753903938,62.82120538823617,2.5572125500462835,2,0
7,High,26.101653486945413,79.94592334363851,4.469290000228117,5,1
10,Medium,27.898243165504734,25.153794442475977,3.1994618805449773,4,0
7,Medium,30.9343375962411,15.983919503043353,7.13536730449853,3,0
7,Medium,22.263502123219872,49.987872982554165,4.4516260632465094,4,0
8,Medium,20.11241622620563,47.92246206056391,5.414560584640029,4,0
1,Low,36.07565323308623,64.00338592332197,4.672382096041234,4,1
10,Medium,17.426415134698317,60.95120693242028,4.57477387181265,4,1
10,Low,20.308258005379923,49.320735482514536,5.316449431379931,3,1
8,High,37.34247815427473,70.98429706733583,3.9040345027967986,3,1
4,Low,19.5297574899034,36.3796469029468,4.702276472798641,4,0
4,Medium,24.0138235635944,54.2316158415351,4.691235504147368,2,0
4,Medium,20.88030130886972,25.685855423713605,4.3651770501975635,4,0
6,High,7.167785187162025,49.15743447649364,5.586585361617871,5,0
7,Low,23.766923479952034,20.77736722919937,4.329506101978278,5,0
6,Low,14.89378236421452,27.68312906047399,7.416672473617936,3,0
1,Low,27.545804326435608,84.1890367497984,5.943446162060791,5,1
8,Low,36.05638510041112,13.509248642888593,2.976034917887895,5,0
10,Low,5.0,45.6669660917048,5.826316916057932,1,0
7,Medium,20.9308301599972,66.54430245449336,3.9657804537381542,4,0
6,Low,29.52323232964981,94.42711163378857,5.20353526310818,4,1
6,Low,5.0,53.54150083532096,3.903206839058977,4,0
5,High,38.36265360422232,54.684402521253844,2.0,4,0
6,Medium,28.798920368034835,50.793707634954984,4.967399760607409,0,0
9,Medium,35.83212821931902,71.14468809368324,2.848376361728061,4,0
10,Medium,19.360521368885706,58.634071304757974,5.629573083096987,3,1
9,High,20.56679229723809,38.4982442641423,5.262177238709781,3,0
10,Low,23.390636452009304,72.31023382857454,4.094173184089129,0,0
8,High,46.3820904755154,40.75618568304346,7.738305557035982,4,1
10,Medium,38.181053604970664,18.030077598320013,3.1410687990434294,2,0
9,Low,26.323476995087468,18.09350917128844,4.063493523115751,4,0
10,High,27.544017716507838,45.97863707150635,3.318962626424378,3,0
8,Low,31.349038115849332,52.06083131542777,8.0,1,1
8,Low,48.91554820991459,69.11258546097478,7.028366212469117,5,1
1,High,28.827197930570506,62.81632823562204,2.8668172035043535,1,0
10,Medium,25.4595939611877,51.597018904126884,3.7616284375196143,2,0
5,Medium,21.61401603385012,70.23020982864703,3.8125120123173533,4,0
4,Low,27.349152475194412,50.254758132619024,4.1739094733557165,0,0
2,Medium,19.12978181648791,24.19027934440104,3.4358290192500283,4,0
8,Medium,29.96092338076873,19.83095356044886,4.091373444483068,2,0
3,Medium,10.67403370208459,75.57375415211317,6.507308403589997,2,0
4,Medium,22.394994105936675,10.0,7.920368504118481,5,0
7,Low,32.346328547273366,45.985186885816624,2.683402731683865,2,0
10,Low,28.691236543373538,100.0,3.4383393150991806,1,0
9,High,20.373753799483485,59.18466888620998,5.32033916657035,5,1
2,Medium,22.679754895833618,45.829143590422674,2.6295415405759237,4,0
3,High,35.35334686692211,16.31076866693641,5.359148032086838,4,0
4,Medium,12.895983039765788,82.34741136266432,5.810154180694593,0,0
10,Medium,12.954063520886699,74.27655741388915,6.0509788250404615,2,0
1,Low,15.703660478225029,63.69593824676794,5.768216789744354,2,0
7,Medium,24.893221357333566,49.98880534046371,4.197127179265397,3,1
2,Low,11.43261932743808,61.44024493882755,4.727495657799943,5,0
5,Medium,34.53001592765982,47.02757882792295,3.230708620785057,3,0
1,Medium,15.757075411441345,30.534781790313367,5.696507981956439,5,0
3,High,27.243555577431295,69.12669863009626,7.405040400702683,1,1
2,Medium,19.20926899080597,48.9868268683558,5.693301348601083,5,0
1,Low,24.34502919160274,60.43887929317575,3.9574988962594198,4,0
7,Low,8.966540903412564,47.577535188804674,6.492187779048838,0,0
5,Low,35.013162452099564,59.236387640936876,8.0,5,1
1,Medium,15.38502001628599,49.71014538684501,5.364724657420422,5,0
6,Medium,14.337832789562974,48.14900295820917,5.831709265782002,5,0
5,High,48.79009013402093,50.59979190955041,6.016551641099065,0,1
3,Low,30.543073109576078,100.0,2.5933141012223935,2,0
7,Medium,34.62416408283075,66.04813971963874,4.383316740972073,0,1
10,Medium,29.58891396361899,100.0,4.229200367704291,2,1
9,Medium,20.475194400135983,49.83795171983634,6.252299973343922,4,0
9,Medium,11.931501425449895,43.818840612709586,6.077553961841122,0,0
9,Medium,22.011796125743412,28.516058832490483,4.818894885900578,2,0
2,Medium,15.218406554744377,82.0646239324512,4.139182911486927,4,0
3,Low,15.81884827565481,31.896301857017882,2.470106060439825,4,0
7,Medium,9.168126710303033,86.1912151477338,4.976881207087607,2,0
5,Low,26.144759597954963,29.676233384594042,3.568147827831748,2,0
2,Medium,40.73412147525846,67.73319737264853,3.3822479906328313,1,0
3,Medium,30.58136723026449,18.17985033052708,6.38940314618388,4,0
